DISTRICT_CODE,DISTRICT_KOR_NAME,SGG,CITY_CODE,MEME_PRICE,JEONSE_PRICE,PRICE_RATIO,MEME_MOM_AVG,MEME_YOY_AVG,PRICE_VOLATILITY,MEME_DECLINE_PCT,TOTAL_HOUSEHOLDS,TOTAL_POP,MALE_RATIO,AGE_UNDER20_PCT,AGE_20S_PCT,AGE_30S_PCT,AGE_40S_PCT,AGE_50S_PCT,AGE_60S_PCT,AGE_OVER70_PCT,FERTILITY_CBRT,FERTILITY_IMPUTED,AVG_INCOME,AVG_ASSET,HIGH_INCOME_PCT,EXECUTIVE_PCT,PREMIUM_40PY_RATIO,MULTI_HOUSING_RATIO,DELINQUENT_AMT,SAMPLE_SIZE,HIGH_CREDIT_PCT,MORTGAGE_BURDEN,CREDIT_CARD_INTENSITY,CASH_ADVANCE_PCT,NEW_CREDIT_PCT,INSTALLMENT_PCT,SEG_SINGLE_PCT,SEG_NEWLYWED_PCT,SEG_INFANT_PCT,SEG_TEEN_PCT,SEG_ADULT_CHILD_PCT,SEG_SENIOR_PCT,RESIDENT_RATIO,WORKER_RATIO,VISITOR_RATIO,FOOD_PCT,COFFEE_PCT,MEDICAL_PCT,ECOMMERCE_PCT,SALES_MONTHLY_AVG,SALES_PER_CAPITA_MONTHLY,EARLY_MORNING_RATIO,RUSH_HOUR_RATIO,LUNCH_TIME_RATIO,HAS_RICHGO_APT,RICHGO_IMPUTED,SPH_LOW_QUALITY,IS_GHOST_ECONOMY,UPDATED_AT,SALES_PER_CAPITA_MONTHLY_LN,DELINQUENT_AMT_CBRT,SALES_MONTHLY_AVG_LN,JEONSE_PRICE_LN,MEME_PRICE_LN,MEME_MOM_AVG_CBRT,TOTAL_POP_LN,TOTAL_HOUSEHOLDS_LN,MEME_YOY_AVG_LN,AVG_INCOME_LN,PRICE_VOLATILITY_LN,AVG_ASSET_LN,COFFEE_PCT_LN,MEDICAL_PCT_LN,EARLY_MORNING_RATIO_LN,AGE_50S_PCT_LN,ECOMMERCE_PCT_LN,HAS_ECOMMERCE,HIGH_INCOME_PCT_LN,CASH_ADVANCE_PCT_LN,AGE_60S_PCT_LN,AGE_OVER70_PCT_LN,LOW_RESIDENT_FLAG,AGE_DATA_RELIABLE,WORKER_DOMINANT
11140173,만리동1가,중구,11140,3995.4420539733574,2155.037715778309,0.5510194223509532,0.09563437500000002,3.744066666666667,2.075473424715391,0.3958333333333333,3742.5,1319,0.492,0.1539,0.1016,0.1903,0.1986,0.1547,0.0978,0.1031,0.6626700507202679,False,49226.0,578650.0,0.169,0.0398,0.0029,0.399,849.0,48284,0.6319,0.1689,5124.0,0.0448,0.0144,0.1627,0.5578,0.055,0.0986,0.2073,0.066,0.0153,0.5571,0.118,0.3249,0.6434,0.0079,0.0,0.0,25331,19.2,0.0133,0.1594,0.1303,False,True,False,False,2026-04-25 08:14:40.931000-07:00,3.005682604407159,9.468944850331267,10.139784221095251,7.6755635039059555,8.292909503887016,0.45730401507383084,7.1853870155804165,8.227509116293783,1.3201723647246222,10.804177218181632,0.7301892841482731,13.268453083276224,0.007868958378695197,0.0,0.0132123314721349,0.14384056997567313,0.0,False,0.15614868248993138,0.043825479540029515,0.09330817713365189,0.09812439799319893,False,True,False
11140164,무학동,중구,11140,3995.4420539733574,2155.037715778309,0.5510194223509532,0.09563437500000002,3.744066666666667,2.075473424715391,0.3958333333333333,3742.5,203,0.5369,0.0443,0.1921,0.2266,0.1084,0.1478,0.1478,0.133,0.2903631702654387,False,28654.0,233006.0,0.0055,0.0126,0.1622,0.3963,540.0,12975,0.3122,0.0663,2399.0,0.0912,0.0141,0.179,0.3851,0.05,0.0796,0.2906,0.1375,0.0572,0.5467,0.1155,0.3378,0.329,0.0068,0.0095,0.0,23819,117.3,0.0658,0.1693,0.2029,False,True,False,False,2026-04-25 08:14:40.931000-07:00,4.773223770984341,8.143235771856519,10.078238860499914,7.6755635039059555,8.292909503887016,0.45730401507383084,5.318119993844216,8.227509116293783,1.3201723647246222,10.263048328453317,0.7301892841482731,12.358819483289246,0.006776984279023669,0.009455158770755197,0.0637256908805449,0.13784706669212507,0.0,False,0.005484930230569745,0.08727800810706056,0.13784706669212507,0.12486898204586927,False,True,False
11140102,다동,중구,11140,3995.4420539733574,2155.037715778309,0.5510194223509532,0.09563437500000002,3.744066666666667,2.075473424715391,0.3958333333333333,3742.5,45,0.6444,0.0,0.1778,0.0889,0.0889,0.1778,0.2444,0.2222,0.0,False,34352.0,357392.0,0.0713,0.0171,0.1964,1.0,594.0,12010,0.2039,0.1003,1681.0,0.0631,0.007,0.1515,0.426,0.0372,0.0868,0.2698,0.1301,0.0501,0.1617,0.4279,0.4104,0.4954,0.0203,0.0014,0.0198,504406,11209.0,0.037,0.1444,0.1326,False,True,False,True,2026-04-25 08:14:40.931000-07:00,9.324561516066206,8.406100095698157,13.131136778323327,7.6755635039059555,8.292909503887016,0.45730401507383084,3.828641396489095,8.227509116293783,1.3201723647246222,10.444415520118563,0.7301892841482731,12.786588497573337,0.020096701699122397,0.0013990209137074087,0.036331929247390204,0.1636482915283333,0.01960652963891835,True,0.06887286428637532,0.061189168312422396,0.21865348604134485,0.20065251347867805,False,True,True
11140110,수표동,중구,11140,3995.4420539733574,2155.037715778309,0.5510194223509532,0.09563437500000002,3.744066666666667,2.075473424715391,0.3958333333333333,3742.5,1,1.0,0.0,0.0,0.0,0.0,0.0,0.0,1.0,0.33375846329897857,True,53492.0,395705.0,0.2124,0.0133,0.0286,1.0,272.0,2015,0.569,0.3172,6197.0,0.0232,0.0164,0.1494,0.359,0.0528,0.0952,0.2793,0.1394,0.0743,0.1946,0.3339,0.4715,0.4266,0.0319,0.0341,0.0,72992,72991.8,0.0259,0.1529,0.2054,False,True,False,True,2026-04-25 08:14:40.931000-07:00,11.19811608512927,6.479211495484591,11.198105125084114,7.6755635039059555,8.292909503887016,0.45730401507383084,0.6931471805599453,8.227509116293783,1.3201723647246222,10.887287388992688,0.7301892841482731,12.888424263128913,0.03140176313953164,0.033531483208792345,0.025570276111530045,0.0,0.0,False,0.19260186620151096,0.02293497128249599,0.0,0.6931471805599453,True,True,False
11560128,양평동4가,영등포구,11560,3857.4885043374893,1990.0330613516269,0.5291592347017141,0.1526544642857143,4.564758482142857,2.223079765813067,0.39583333333333337,2745.5,6688,0.4855,0.0861,0.1902,0.2633,0.1254,0.1305,0.1051,0.0993,0.44588806927437863,False,38394.0,366819.0,0.0674,0.0283,0.0286,0.3111,615.0,249654,0.6107,0.1591,4248.0,0.0425,0.0198,0.1916,0.3013,0.0389,0.0796,0.2623,0.1891,0.1289,0.5534,0.1692,0.2774,0.2991,0.0136,0.0046,0.0,419198,62.7,0.0171,0.2857,0.2262,False,True,False,False,2026-04-25 08:14:40.931000-07:00,4.154184562578117,8.504016789932372,12.946098640985221,7.595906531325068,8.257771604151861,0.5344455212163968,8.808219665118408,7.917718486718927,1.5183656062164186,10.555656476367515,0.798893516395474,12.8126238173686,0.013508350024792299,0.004589452333807224,0.01695544064941337,0.12266001273588754,0.0,False,0.06522578491770732,0.04162167469081945,0.09993582861259946,0.09467361360268099,False,True,False
11140137,필동1가,중구,11140,3995.4420539733574,2155.037715778309,0.5510194223509532,0.09563437500000002,3.744066666666667,2.075473424715391,0.3958333333333333,3742.5,173,0.4913,0.0578,0.1908,0.3121,0.0925,0.1387,0.1156,0.0925,0.0,False,30517.0,271361.0,0.0351,0.0031,0.0023,0.9545,127.0,5266,0.2905,0.1335,3101.0,0.0157,0.0084,0.1889,0.3051,0.0358,0.0607,0.3424,0.1661,0.0898,0.2727,0.3243,0.403,0.5943,0.0323,0.003,0.0,48899,282.7,0.014,0.1498,0.1478,False,True,False,False,2026-04-25 08:14:40.931000-07:00,5.647917341814805,5.026517578843078,10.79751222535611,7.6755635039059555,8.292909503887016,0.45730401507383084,5.159055299214529,8.227509116293783,1.3201723647246222,10.326039184367792,0.7301892841482731,12.511205316720394,0.031789322489407336,0.002995508979798371,0.013902905168991434,0.1298872608344223,0.0,False,0.034498040407567356,0.015578029963318462,0.10939237677119677,0.08846864798760819,False,True,False
11140161,저동2가,중구,11140,3995.4420539733574,2155.037715778309,0.5510194223509532,0.09563437500000002,3.744066666666667,2.075473424715391,0.3958333333333333,3742.5,222,0.473,0.0991,0.2387,0.3604,0.1396,0.0676,0.045,0.0496,0.404059241221819,False,39964.0,264877.0,0.0729,0.0167,0.3827,1.0,1489.0,16532,0.6382,0.3417,4849.0,0.0421,0.0223,0.1693,0.3225,0.0478,0.1179,0.337,0.1246,0.0502,0.1748,0.3319,0.4932,0.0538,0.0027,0.0026,0.5097,1539943,6936.7,0.0164,0.2143,0.3028,False,True,False,True,2026-04-25 08:14:40.931000-07:00,8.844725586467977,11.419064032851765,14.247255960717801,7.6755635039059555,8.292909503887016,0.45730401507383084,5.407171771460119,8.227509116293783,1.3201723647246222,10.59573432785291,0.7301892841482731,12.487020846273571,0.002696361547742533,0.002596625847265914,0.01626697246387194,0.06541313854823212,0.41191095559155333,True,0.07036526266056345,0.041237908016244766,0.04401688541677426,0.04840913920768763,False,True,False
11140174,만리동2가,중구,11140,5113.7606769509875,2554.889521211817,0.5065178722214784,0.186675,3.164160416666667,1.9288147030004303,0.3958333333333333,1341.0,4450,0.4897,0.1987,0.0784,0.1901,0.2182,0.1443,0.1049,0.0654,0.7568513260732216,False,55433.0,860481.0,0.2206,0.0446,0.0019,0.5272,481.0,130006,0.7816,0.1907,7534.0,0.0327,0.0206,0.1398,0.2748,0.0393,0.1072,0.295,0.2034,0.0802,0.685,0.0782,0.2368,0.2102,0.0993,0.0381,0.0,6875,1.5,0.0205,0.2533,0.237,True,False,False,False,2026-04-25 08:14:40.931000-07:00,0.9162907318741551,7.835152697318586,8.835646922534773,7.84576426147271,8.539690357132113,0.5715167496850725,8.400884069015854,7.201170883281678,1.1518877492101465,10.922930363265726,0.6569056707303194,13.665246814204021,0.09467361360268099,0.03739211921706269,0.020292703267762394,0.13479309634153208,0.0,False,0.19934254112825744,0.0321767316952212,0.09975483313699225,0.06335031550076162,False,True,False
11560106,영등포동5가,영등포구,11560,3857.4885043374893,1990.0330613516269,0.5291592347017141,0.1526544642857143,4.564758482142857,2.223079765813067,0.39583333333333337,2745.5,1703,0.5919,0.0417,0.1216,0.1809,0.108,0.1556,0.2149,0.1773,0.4115065744638788,False,31410.0,266368.0,0.0246,0.0104,0.0016,0.3524,573.0,65051,0.3965,0.1116,2269.0,0.0768,0.0141,0.2071,0.2201,0.0243,0.0446,0.2121,0.2401,0.2588,0.5045,0.1144,0.3812,0.1748,0.0042,0.0186,0.0,31837,18.7,0.0206,0.2022,0.2664,False,True,False,False,2026-04-25 08:14:40.931000-07:00,2.9806186357439426,8.305847531489047,10.368384414413704,7.595906531325068,8.257771604151861,0.5344455212163968,7.440733707389261,7.917718486718927,1.5183656062164186,10.354881592532692,0.798893516395474,12.492634090313251,0.004191204618468052,0.018429135468367143,0.02039068964773398,0.1446196896099431,0.0,False,0.024302292522964817,0.07399367990832628,0.19466176887855946,0.16322368110201407,False,True,False
11560107,영등포동6가,영등포구,11560,3857.4885043374893,1990.0330613516269,0.5291592347017141,0.1526544642857143,4.564758482142857,2.223079765813067,0.39583333333333337,2745.5,1854,0.569,0.0237,0.2508,0.3042,0.0836,0.1219,0.1197,0.096,0.2816899476826311,False,35351.0,244604.0,0.0374,0.0145,0.051,0.331,1322.0,62429,0.5349,0.1205,3638.0,0.0632,0.0218,0.1973,0.2699,0.0366,0.0624,0.2723,0.1985,0.1603,0.5218,0.1073,0.3708,0.3089,0.0096,0.0347,0.0,44411,24.0,0.0163,0.1452,0.2948,False,True,False,False,2026-04-25 08:14:40.931000-07:00,3.2188758248682006,10.97512422536314,10.70124246548366,7.595906531325068,8.257771604151861,0.5344455212163968,7.5256399750415355,7.917718486718927,1.5183656062164186,10.473081959467745,0.798893516395474,12.40739585533126,0.009554212804811711,0.03411152962876782,0.01616858116158369,0.11502367656878186,0.0,False,0.03671758293516286,0.06128322841689845,0.11306079228401415,0.09166718852582387,False,True,False
11560121,문래동3가,영등포구,11560,3597.1127270675797,1988.364705064214,0.5468736842214242,0.15987916666666666,3.786897916666667,1.8829962561920652,0.4375,2078.0,13383,0.4839,0.1786,0.1108,0.1264,0.1778,0.1549,0.1187,0.1329,0.5956665211312631,False,50122.0,816017.0,0.166,0.0594,0.4739,0.2686,547.0,488099,0.7349,0.1466,6035.0,0.0429,0.0139,0.1657,0.2423,0.0412,0.1017,0.3,0.1769,0.1379,0.5321,0.1943,0.2736,0.2346,0.0085,0.0037,0.1106,504738,37.7,0.0438,0.1939,0.2061,True,False,False,False,2026-04-25 08:14:40.931000-07:00,3.655839600035736,8.178271601739544,13.131794761746859,7.595067823642646,8.187886782394882,0.5427471571938562,9.50181524266666,7.639161171659173,1.3315471923024806,10.822215312443701,0.6328642614585223,13.612190467062566,0.008464078412129364,0.0036931718376176067,0.04286790022717587,0.14401376013890477,0.1049004098253698,True,0.15357908792830058,0.04200529414503007,0.11216729687074778,0.12478071689730587,False,True,False
11140160,인현동1가,중구,11140,3995.4420539733574,2155.037715778309,0.5510194223509532,0.09563437500000002,3.744066666666667,2.075473424715391,0.3958333333333333,3742.5,77,0.5455,0.0,0.0519,0.0649,0.0779,0.2208,0.2208,0.3636,0.0,False,25508.0,327858.0,0.0049,0.0,0.3824,0.6667,78.0,3063,0.2188,0.015,1747.0,0.0313,0.014,0.3277,0.2953,0.0249,0.0561,0.2581,0.2354,0.1303,0.2182,0.3476,0.4342,0.1687,0.0123,0.0,0.0,51373,667.2,0.0058,0.2409,0.3139,False,True,False,True,2026-04-25 08:14:40.931000-07:00,6.504587529922656,4.272652476792492,10.846868021600375,7.6755635039059555,8.292909503887016,0.45730401507383084,4.356708826689592,8.227509116293783,1.3201723647246222,10.146747407435162,0.7301892841482731,12.700335866797136,0.012224969622568948,0.0,0.005783244755727361,0.19950638154805558,0.0,False,0.004888034072775866,0.030820142339886364,0.19950638154805558,0.3101282612816109,False,True,False
11140123,회현동3가,중구,11140,3995.4420539733574,2155.037715778309,0.5510194223509532,0.09563437500000002,3.744066666666667,2.075473424715391,0.3958333333333333,3742.5,37,0.3784,0.2432,0.1892,0.1622,0.0811,0.0541,0.1081,0.1622,0.0,False,27220.0,91727.0,0.0,0.0,0.2501716418,0.0,74.0,359,0.1254,0.1556,586.0,0.0,0.0,0.2394,0.4062,0.053,0.0779,0.2504,0.1332,0.0794,0.3453,0.2076,0.4471,0.466,0.0159,0.0221,0.0,11880,321.1,0.0237,0.0914,0.2843,False,True,True,True,2026-04-25 08:14:40.931000-07:00,5.774862056337153,4.1983304305082685,9.382611592916636,7.6755635039059555,8.292909503887016,0.45730401507383084,3.6375861597263857,8.227509116293783,1.3201723647246222,10.211707276205457,0.7301892841482731,11.426572053292123,0.01577491911536224,0.021859334352893528,0.02342351494358811,0.05268732227900649,0.0,False,0.0,0.0,0.10264683696014279,0.15031476065886806,False,True,False
11560115,당산동5가,영등포구,11560,4522.755250605907,2522.1614899024526,0.5464214185426154,0.34942708333333333,7.4867895833333336,2.3902344207780466,0.3541666666666667,2193.0,12771,0.456,0.1408,0.1429,0.1875,0.1472,0.1424,0.1233,0.1159,0.5248566441001485,False,51316.0,910903.0,0.1686,0.0491,0.4142,0.278,682.0,505350,0.7475,0.1346,5925.0,0.0299,0.0128,0.1718,0.3696,0.037,0.0917,0.2988,0.1227,0.0802,0.5977,0.115,0.2873,0.7055,0.0237,0.0229,0.0,57371,4.5,0.0122,0.0832,0.1077,True,False,False,False,2026-04-25 08:14:40.931000-07:00,1.7047480922384253,8.802252995552458,10.95729422815692,7.832871546950073,8.416876655832853,0.7043453848403622,9.455010553834672,7.693025748417888,2.013140078583993,10.84575787336923,0.8713914451410484,13.722191694173521,0.02342351494358811,0.022641730480824573,0.012126179797840555,0.13313131260318295,0.0,False,0.1558064511381997,0.02946171014961905,0.11627078166538649,0.10966125420951839,False,True,False
11140125,충무로2가,중구,11140,3995.4420539733574,2155.037715778309,0.5510194223509532,0.09563437500000002,3.744066666666667,2.075473424715391,0.3958333333333333,3742.5,256,0.4922,0.0195,0.4102,0.3164,0.0938,0.0781,0.0469,0.0352,0.21723037895922584,False,25924.0,232761.0,0.029,0.0142,0.1111,1.0,178.0,3999,0.1188,0.0473,1797.0,0.0177,0.0068,0.1426,0.4121,0.0437,0.0804,0.2808,0.1247,0.0584,0.2629,0.2493,0.4879,0.379,0.028,0.0076,0.0,120138,469.3,0.0278,0.1277,0.1727,False,True,False,False,2026-04-25 08:14:40.931000-07:00,6.153370788951002,5.625216612115162,11.696396361020705,7.6755635039059555,8.292909503887016,0.45730401507383084,5.54907608489522,8.227509116293783,1.3201723647246222,10.162924459547607,0.7301892841482731,12.357767455032214,0.02761516703297339,0.007571265496318126,0.027420595575992218,0.07520023256293525,0.0,False,0.028587456851912472,0.017545179215748864,0.04583341634317215,0.034594644764498965,False,True,False
11140124,충무로1가,중구,11140,3995.4420539733574,2155.037715778309,0.5510194223509532,0.09563437500000002,3.744066666666667,2.075473424715391,0.3958333333333333,3742.5,11,0.6364,0.0909,0.0,0.0909,0.1818,0.1818,0.3636,0.0909,0.33375846329897857,True,31593.0,366574.0,0.0385,0.0074,0.0588,1.0,70.0,4616,0.1563,0.0721,1449.0,0.0167,0.0084,0.1393,0.2919,0.0773,0.1081,0.2862,0.1543,0.0822,0.2431,0.2891,0.4678,0.0328,0.0026,0.0028,0.0001,1001232,91021.1,0.0042,0.2041,0.3336,False,True,False,True,2026-04-25 08:14:40.931000-07:00,11.418857613156822,4.12127946339236,13.816741799675018,7.6755635039059555,8.292909503887016,0.45730401507383084,2.4849066497880004,8.227509116293783,1.3201723647246222,10.360690856048707,0.7301892841482731,12.811955689886844,0.002596625847265914,0.002796087302001188,0.004191204618468052,0.16703869992943712,9.999500033329732e-05,True,0.03777736433402992,0.01656208829897823,0.3101282612816109,0.087003043621574,False,True,False
11140158,충무로3가,중구,11140,3995.4420539733574,2155.037715778309,0.5510194223509532,0.09563437500000002,3.744066666666667,2.075473424715391,0.3958333333333333,3742.5,267,0.6479,0.0187,0.2285,0.2772,0.1161,0.1049,0.1723,0.0824,0.2503468139278336,False,34912.0,284203.0,0.0595,0.0267,0.2947,1.0,237.0,12414,0.3742,0.201,3158.0,0.0402,0.0132,0.1748,0.3742,0.0408,0.0727,0.2943,0.1468,0.0712,0.2518,0.3654,0.3828,0.5881,0.0257,0.0008,0.0,95007,355.8,0.0091,0.2163,0.1307,False,True,False,False,2026-04-25 08:14:40.931000-07:00,5.8771754007058545,6.188451482517628,11.461705852078657,7.6755635039059555,8.292909503887016,0.45730401507383084,5.5909869805108565,8.227509116293783,1.3201723647246222,10.460585888632798,0.7301892841482731,12.55744405053594,0.0253753063312283,0.0007996801705642441,0.009058844488346146,0.09975483313699225,0.0,False,0.0577970987262166,0.03941300235683506,0.15896763109564546,0.07918079787444125,False,True,False
11560114,당산동4가,영등포구,11560,4094.0346471179264,2207.115322754311,0.5315125166125634,0.09618541666666665,3.926429166666667,2.250092173808412,0.3333333333333333,1485.0,12015,0.4816,0.1536,0.1399,0.196,0.1674,0.1424,0.1088,0.092,0.6004259358696281,False,46320.0,656173.0,0.1415,0.0407,0.1661,0.2215,964.0,477768,0.7134,0.1622,5625.0,0.0411,0.0175,0.1586,0.3278,0.0438,0.1206,0.3069,0.129,0.072,0.6123,0.1582,0.2295,0.5003,0.0187,0.0097,0.0,127432,10.6,0.0112,0.1436,0.1884,True,False,False,False,2026-04-25 08:14:40.931000-07:00,2.451005098112319,9.878507864623659,11.755338167974474,7.6994416580652665,8.317286229086726,0.45818065545822884,9.393994374003915,7.3031700512368,1.36773040385514,10.743329112246878,0.8109711815143116,13.394179752670544,0.01852730461388356,0.009653257028138346,0.011137744410456021,0.13313131260318295,0.0,False,0.13234318698771314,0.04027784649857008,0.10327834945350174,0.08801087732271337,False,True,False
11560110,여의도동,영등포구,11560,6635.0062130170845,1872.0028925686033,0.3030161119442553,0.6873145833333334,8.5016375,2.3476008448635555,0.2708333333333333,5515.0,33861,0.4702,0.1536,0.1059,0.1491,0.1585,0.1598,0.1323,0.1408,0.5912383396729458,False,64582.0,939718.0,0.225,0.0717,0.5861,0.4118,1305.0,1536617,0.6527,0.1619,7038.0,0.0441,0.0142,0.1701,0.2742,0.0446,0.1159,0.3369,0.1625,0.066,0.3465,0.3238,0.3297,0.3733,0.0162,0.0071,0.0111,7500372,221.5,0.0279,0.205,0.2163,True,False,False,False,2026-04-25 08:14:40.931000-07:00,5.404927101606295,10.927877014478167,15.8304631772765,7.534764202211879,8.800114883166334,0.8825078433128382,10.430048720688177,8.615226931687603,2.1402587920010325,11.07569101317308,0.8533938895859252,13.753335109237184,0.01607018017749446,0.007074913671961985,0.02751788603673928,0.14824757646020312,0.011038847115216448,True,0.20294084399669038,0.04315527031392763,0.12425096233785687,0.13172977067789446,False,True,False
11140168,순화동,중구,11140,3995.4420539733574,2155.037715778309,0.5510194223509532,0.09563437500000002,3.744066666666667,2.075473424715391,0.3958333333333333,3742.5,1150,0.4287,0.1417,0.0817,0.1922,0.2713,0.1522,0.0922,0.0687,0.6024037523495536,False,59292.0,695755.0,0.224,0.0514,0.1331,0.4245,1268.0,65644,0.5477,0.1807,6055.0,0.0274,0.0101,0.1604,0.3117,0.0456,0.1257,0.3234,0.1382,0.0554,0.2603,0.3363,0.4034,0.0017,0.0008,0.0002,0.1829,51331636,44636.2,0.0222,0.2518,0.3971,False,True,False,True,2026-04-25 08:14:40.931000-07:00,10.706322871073622,10.82360787954447,17.75381780622807,7.6755635039059555,8.292909503887016,0.45730401507383084,7.048386408721883,8.227509116293783,1.3201723647246222,10.99022966863375,0.7301892841482731,13.452752865851714,0.0007996801705642441,0.0001999800026662447,0.021957167352042138,0.1416731583161456,0.1679690505695542,True,0.20212418409013433,0.027031339051030518,0.08819401073591633,0.06644295654871396,False,True,False
11650103,우면동,서초구,11650,4429.559737864701,2330.1358918456035,0.528535672742478,0.005245833333333318,2.4683625,2.0721689740471327,0.5,2883.0,26785,0.4734,0.1846,0.1019,0.1217,0.1593,0.1609,0.1457,0.1259,0.6348064910391199,False,45846.0,597877.0,0.1322,0.0485,0.1578,0.2226,925.0,961925,0.6761,0.1514,5561.0,0.052,0.0204,0.1783,0.1996,0.0306,0.1256,0.3899,0.1334,0.1209,0.7078,0.1371,0.1551,0.2601,0.0266,0.0099,0.0,194795,7.3,0.0432,0.2052,0.2608,True,False,False,False,2026-04-25 08:14:40.931000-07:00,2.1162555148025524,9.743453619921867,12.17970300251003,7.753681867539561,8.396055476128614,0.1737556449774396,10.195634641947068,7.9665866976384025,0.9035549753221506,10.733043232875621,0.7285958722531685,13.301140326157851,0.0262523711440657,0.009851316050374202,0.042292912190251365,0.14919556636185308,0.0,False,0.12416264262042256,0.050693114315518165,0.1360158039174431,0.1185827158269477,False,True,False
11140130,남산동3가,중구,11140,3995.4420539733574,2155.037715778309,0.5510194223509532,0.09563437500000002,3.744066666666667,2.075473424715391,0.3958333333333333,3742.5,37,0.5676,0.0,0.1351,0.1351,0.1622,0.1892,0.1622,0.2162,0.0,False,28025.0,372203.0,0.0277,0.0083,0.4,0.5135,0.0,1443,0.1859,0.0241,1897.0,0.0472,0.009,0.349,0.2608,0.0308,0.0831,0.362,0.1896,0.0737,0.3117,0.2034,0.4849,0.49,0.0032,0.001,0.0,11162,301.7,0.0087,0.1017,0.1566,False,True,False,True,2026-04-25 08:14:40.931000-07:00,5.712742216027673,0.0,9.320270431348378,7.6755635039059555,8.292909503887016,0.45730401507383084,3.6375861597263857,8.227509116293783,1.3201723647246222,10.24085224794036,0.7301892841482731,12.827194683340501,0.0031948908965192886,0.0009995003330834232,0.008662373078652587,0.1732808121418056,0.0,False,0.02732329564889041,0.046119935613553036,0.15031476065886806,0.19573124370387227,False,True,False
11560103,영등포동2가,영등포구,11560,3857.4885043374893,1990.0330613516269,0.5291592347017141,0.1526544642857143,4.564758482142857,2.223079765813067,0.39583333333333337,2745.5,4762,0.5235,0.0271,0.3341,0.3826,0.0907,0.068,0.0554,0.042,0.27461752132022316,False,38062.0,227849.0,0.0544,0.0103,0.0256,0.3076,1754.0,132809,0.6274,0.2413,4528.0,0.0332,0.0236,0.2007,0.2074,0.0227,0.0517,0.2997,0.2708,0.1478,0.507,0.1206,0.3724,0.3225,0.0057,0.0057,0.0,62223,13.1,0.0561,0.2744,0.2001,False,True,False,False,2026-04-25 08:14:40.931000-07:00,2.6461747973841225,12.059855800973052,11.038479985296988,7.595906531325068,8.257771604151861,0.5344455212163968,8.46863300080086,7.917718486718927,1.5183656062164186,10.546971688076972,0.798893516395474,12.336438407830082,0.005683816468297709,0.005683816468297709,0.05458287777029175,0.06578774053800315,0.0,False,0.052971884766105724,0.032660782239548276,0.05391984198943033,0.04114194333117521,False,True,False
11140151,을지로5가,중구,11140,3995.4420539733574,2155.037715778309,0.5510194223509532,0.09563437500000002,3.744066666666667,2.075473424715391,0.3958333333333333,3742.5,422,0.4692,0.0687,0.2038,0.2417,0.1185,0.1209,0.1398,0.1066,0.4417992511054399,False,33829.0,317743.0,0.045,0.0172,0.009,0.3008,514.0,24555,0.3765,0.1325,2930.0,0.0358,0.011,0.2042,0.2749,0.0326,0.0536,0.2426,0.2001,0.1961,0.314,0.2398,0.4462,0.0511,0.005,0.0025,0.0,85688,203.1,0.0231,0.1805,0.3782,False,True,False,False,2026-04-25 08:14:40.931000-07:00,5.318610069815799,8.010386465098977,11.358468071444465,7.6755635039059555,8.292909503887016,0.45730401507383084,6.0473721790462776,8.227509116293783,1.3201723647246222,10.429073701775343,0.7301892841482731,12.66899815891132,0.004987541511038968,0.002496880198587146,0.022837233902757128,0.11413193404491263,0.0,False,0.04401688541677426,0.035174075007654085,0.13085280841876207,0.10129225148187235,False,True,False
11650108,서초동,서초구,11650,7040.576159452442,2990.0125905922423,0.42834008063088164,0.5943270833333333,8.071791666666668,2.054608845181412,0.3125,12272.0,106138,0.4775,0.1638,0.1352,0.1544,0.1719,0.1597,0.1092,0.1058,0.5304243586550289,False,63928.0,1016516.0,0.1902,0.0705,0.489,0.3543,1312.0,4072078,0.6436,0.1276,7633.0,0.0358,0.0152,0.1752,0.2283,0.0348,0.1042,0.3358,0.2037,0.0932,0.4752,0.1918,0.333,0.119,0.0066,0.0078,0.0344,15911504,149.9,0.1518,0.3536,0.2162,True,False,False,False,2026-04-25 08:14:40.931000-07:00,5.016617365773803,10.947381151358593,16.58255292758717,8.003032877276281,8.859445286634623,0.8407662096996883,11.572504834818755,9.415075523607037,2.0883754733360136,11.065512729054298,0.7200854868532592,13.831891652211954,0.006578315360122507,0.007769737264360694,0.1413259360904349,0.14816135098052047,0.03382154847551066,True,0.17412136022861457,0.035174075007654085,0.10363903475948588,0.10056905492169545,False,True,False
11560126,양평동2가,영등포구,11560,3857.4885043374893,1990.0330613516269,0.5291592347017141,0.1526544642857143,4.564758482142857,2.223079765813067,0.39583333333333337,2745.5,7117,0.4793,0.1044,0.1451,0.2739,0.1695,0.1272,0.0902,0.0898,0.5210576011320135,False,41866.0,386638.0,0.0932,0.0258,0.0864,0.2405,904.0,297757,0.6678,0.2322,4902.0,0.0443,0.0203,0.1828,0.2914,0.0436,0.1324,0.2744,0.1516,0.1065,0.6478,0.1136,0.2386,0.354,0.0111,0.011,0.0,50403,7.1,0.0175,0.185,0.2519,False,True,False,False,2026-04-25 08:14:40.931000-07:00,2.0918640616783932,9.669154315437227,10.827805976097512,7.595906531325068,8.257771604151861,0.5344455212163968,8.870382066070137,7.917718486718927,1.5183656062164186,10.642229320654465,0.798893516395474,12.86524413373505,0.011038847115216448,0.010939940038334263,0.017348638334613073,0.11973668160233339,0.0,False,0.08910917507177585,0.043346804503365866,0.0863611656480435,0.08599419316686101,False,True,False
11140145,광희동1가,중구,11140,3995.4420539733574,2155.037715778309,0.5510194223509532,0.09563437500000002,3.744066666666667,2.075473424715391,0.3958333333333333,3742.5,360,0.4861,0.0167,0.3,0.175,0.0861,0.1111,0.1583,0.1528,0.0,False,26322.0,225627.0,0.0051,0.0075,0.1515,0.5962,208.0,90751,0.0621,0.0444,453.0,0.0854,0.0022,0.218,0.3592,0.0444,0.0874,0.3135,0.1423,0.0532,0.2345,0.2257,0.5398,0.1156,0.0102,0.0002,0.032,141688,393.6,0.0067,0.2331,0.3362,False,True,False,False,2026-04-25 08:14:40.931000-07:00,5.977872593588515,5.924981595200401,11.861382736136468,7.6755635039059555,8.292909503887016,0.45730401507383084,5.8888779583328805,8.227509116293783,1.3201723647246222,10.178160370394268,0.7301892841482731,12.326638472295922,0.010148331051815136,0.0001999800026662447,0.006677654753240497,0.10535051560782595,0.031498667059371016,True,0.005087039048557209,0.08194858264716733,0.1469534129561634,0.14219376570317532,False,True,False
11140163,흥인동,중구,11140,3995.4420539733574,2155.037715778309,0.5510194223509532,0.09563437500000002,3.744066666666667,2.075473424715391,0.3958333333333333,3742.5,2323,0.4176,0.0736,0.2471,0.2363,0.1675,0.1158,0.0947,0.065,0.3894558342918207,False,35557.0,515224.0,0.0529,0.0338,0.7411,0.3473,2908.0,86539,0.4788,0.1936,4432.0,0.0462,0.0156,0.2266,0.4422,0.049,0.0771,0.2268,0.1446,0.0602,0.4705,0.1326,0.3969,0.5231,0.0225,0.0631,0.0,30054,12.9,0.066,0.1717,0.1612,False,True,False,False,2026-04-25 08:14:40.931000-07:00,2.631888840136646,14.273494527527658,10.310751042585672,7.6755635039059555,8.292909503887016,0.45730401507383084,7.751045117971802,8.227509116293783,1.3201723647246222,10.478892321614516,0.7301892841482731,13.152357036538218,0.022250608934819723,0.061189168312422396,0.06391332574365285,0.10957163642929083,0.0,False,0.051548261880576554,0.04516455195437366,0.0904803531283746,0.06297479916138839,False,True,False
11140111,소공동,중구,11140,3995.4420539733574,2155.037715778309,0.5510194223509532,0.09563437500000002,3.744066666666667,2.075473424715391,0.3958333333333333,3742.5,1,1.0,0.0,0.0,0.0,0.0,0.0,0.0,1.0,0.33375846329897857,True,44376.0,401532.0,0.1027,0.0198,0.1474,0.6295,1303.0,11905,0.2577,0.1571,3208.0,0.1063,0.0156,0.1749,0.3788,0.0785,0.097,0.2388,0.1378,0.0691,0.2104,0.2583,0.5312,0.0186,0.0005,0.0002,0.0041,2044768,2044767.9,0.0099,0.2379,0.2988,False,True,False,True,2026-04-25 08:14:40.931000-07:00,14.530795333738267,10.92229159766596,14.53079489359063,7.6755635039059555,8.292909503887016,0.45730401507383084,0.6931471805599453,8.227509116293783,1.3201723647246222,10.700454061735071,0.7301892841482731,12.903042510313785,0.0004998750416509929,0.0001999800026662447,0.009851316050374202,0.0,0.0040916179032535575,True,0.09776171778249577,0.10102111405872818,0.0,0.6931471805599453,True,True,False
11560105,영등포동4가,영등포구,11560,3857.4885043374893,1990.0330613516269,0.5291592347017141,0.1526544642857143,4.564758482142857,2.223079765813067,0.39583333333333337,2745.5,1377,0.5258,0.0131,0.2571,0.3384,0.1314,0.1126,0.0857,0.0617,0.13174908633028531,False,37168.0,262061.0,0.0566,0.0125,0.0107,0.3345,1065.0,66938,0.4818,0.1862,3934.0,0.0693,0.0238,0.1964,0.3857,0.0568,0.1133,0.2579,0.1291,0.0572,0.2999,0.1578,0.5422,0.0979,0.0047,0.0094,0.0068,621663,451.5,0.0042,0.142,0.31,False,True,False,False,2026-04-25 08:14:40.931000-07:00,6.114787763139981,10.212111002577887,13.340153424251225,7.595906531325068,8.257771604151861,0.5344455212163968,7.228388451573604,7.917718486718927,1.5183656062164186,10.52320345501019,0.798893516395474,12.476332580071315,0.0046889894861314695,0.009356094924025029,0.004191204618468052,0.10669961865905582,0.006776984279023669,True,0.05505620574807839,0.0670042287804738,0.0822249402556695,0.05987139703739042,False,True,False
11560125,양평동1가,영등포구,11560,3857.4885043374893,1990.0330613516269,0.5291592347017141,0.1526544642857143,4.564758482142857,2.223079765813067,0.39583333333333337,2745.5,4919,0.479,0.1201,0.1559,0.2194,0.1482,0.1218,0.1183,0.1163,0.5320817076477921,False,38425.0,407012.0,0.0721,0.0229,0.0566,0.2215,826.0,167321,0.6267,0.1673,4325.0,0.0558,0.0181,0.1853,0.2509,0.0378,0.1312,0.3488,0.1667,0.0645,0.5787,0.1808,0.2404,0.6366,0.0373,0.0955,0.0,61736,12.6,0.0172,0.163,0.1255,False,True,False,False,2026-04-25 08:14:40.931000-07:00,2.6100697927420065,9.382654189659956,11.030622508137439,7.595906531325068,8.257771604151861,0.5344455212163968,8.501063809486354,7.917718486718927,1.5183656062164186,10.556463568406796,0.798893516395474,12.91659794801957,0.03662118345564541,0.09121088005338408,0.01705375456582762,0.1149345380920994,0.0,False,0.06961934188005707,0.054298773407378875,0.11180967505200566,0.11001964503854951,False,True,False
11560129,양평동5가,영등포구,11560,3288.798466818734,1812.8183222872162,0.5504966872807587,0.029035416666666657,3.8925,2.0225612114966722,0.4791666666666667,1215.0,5850,0.475,0.1166,0.1549,0.2627,0.1515,0.1251,0.1154,0.0738,0.5521589820763982,False,45691.0,493690.0,0.1166,0.0341,0.017,0.2385,11260.0,219469,0.7247,0.1908,5381.0,0.0416,0.0194,0.1677,0.121,0.0204,0.0669,0.3268,0.3287,0.1361,0.5679,0.1703,0.2618,0.089,0.0143,0.0039,0.4356,291103,49.8,0.031,0.2245,0.2669,True,False,False,False,2026-04-25 08:14:40.931000-07:00,3.927896354584436,22.413591185758925,12.58143243541747,7.502637997397872,8.098277569400981,0.30735706466045026,8.674367865788236,7.102499355774649,1.3590516247260163,10.729656620945079,0.7043646347566407,13.109663068826096,0.014198719399812928,0.0038924147153438535,0.03052920503482279,0.11787192059488914,0.36158288029131513,True,0.11028835389412306,0.040757992472167826,0.10921308497331624,0.07120375900633215,False,True,False
11650107,반포동,서초구,11650,9851.531312750734,4440.98911921622,0.48291593019469925,0.89314375,9.641433333333334,2.184553059494628,0.2708333333333333,15276.0,78879,0.4781,0.2176,0.1063,0.1219,0.1985,0.1582,0.1004,0.0971,0.6174492780906728,False,65748.0,1385583.0,0.206,0.0782,0.3692,0.3115,1165.0,2637539,0.6232,0.1196,9749.0,0.0315,0.0162,0.1616,0.2438,0.0502,0.0926,0.3421,0.1755,0.0957,0.5278,0.1002,0.372,0.1141,0.0047,0.016,0.0,4508753,57.2,0.0261,0.2283,0.3447,True,False,False,False,2026-04-25 08:14:40.931000-07:00,4.063885354737392,10.522225859249989,15.32153117657255,8.398632405213942,9.195382185306405,0.9630314513691826,11.275682989276516,9.634038248345407,2.266069783600211,11.093584531326416,0.7814112581940893,14.141631547661925,0.0046889894861314695,0.015873349156290163,0.025765207886026424,0.14686707580955227,0.0,False,0.18730909830499368,0.03101405352916954,0.09567375006828246,0.09267033484130814,False,True,False
11140101,무교동,중구,11140,3995.4420539733574,2155.037715778309,0.5510194223509532,0.09563437500000002,3.744066666666667,2.075473424715391,0.3958333333333333,3742.5,8,0.625,0.0,0.0,0.0,0.0,0.375,0.25,0.375,0.33375846329897857,True,29413.0,329860.0,0.038,0.0126,0.2381,1.0,394.0,32965,0.0762,0.1203,1021.0,0.0383,0.0023,0.2644,0.3467,0.0472,0.0899,0.3236,0.1421,0.0505,0.1771,0.3855,0.4374,0.7687,0.015,0.006,0.0,178841,22355.1,0.0058,0.089,0.11,False,True,False,True,2026-04-25 08:14:40.931000-07:00,10.01485449345169,7.331022325916808,12.094252421922532,7.6755635039059555,8.292909503887016,0.45730401507383084,2.1972245773362196,8.227509116293783,1.3201723647246222,10.289192032466138,0.7301892841482731,12.706423601002143,0.014888612493750559,0.005982071677547469,0.005783244755727361,0.3184537311185346,0.0,False,0.03729578474369693,0.03758476032727121,0.22314355131420976,0.3184537311185346,True,True,False
11140154,오장동,중구,11140,3995.4420539733574,2155.037715778309,0.5510194223509532,0.09563437500000002,3.744066666666667,2.075473424715391,0.3958333333333333,3742.5,696,0.5086,0.0172,0.4138,0.2644,0.0733,0.079,0.0718,0.0805,0.19453631386581888,False,30612.0,245771.0,0.033,0.0088,0.234,0.2191,474.0,47917,0.3039,0.1098,2432.0,0.0403,0.0085,0.1638,0.1663,0.0203,0.0487,0.2421,0.2357,0.2869,0.3114,0.3038,0.3848,0.2689,0.0081,0.0,0.0,47986,68.9,0.0713,0.2269,0.2019,False,True,False,False,2026-04-25 08:14:40.931000-07:00,4.247065649239764,7.796958487596956,10.778664580680367,7.6755635039059555,8.292909503887016,0.45730401507383084,6.546785410760524,8.227509116293783,1.3201723647246222,10.329147367929812,0.7301892841482731,12.412155487054369,0.008067371077758793,0.0,0.06887286428637532,0.07603468627599758,0.0,False,0.03246719013750141,0.03950913309471249,0.0693394780786129,0.07742389696480363,False,True,False
11140114,태평로2가,중구,11140,3995.4420539733574,2155.037715778309,0.5510194223509532,0.09563437500000002,3.744066666666667,2.075473424715391,0.3958333333333333,3742.5,62,0.7258,0.0161,0.1452,0.2097,0.1613,0.1452,0.1613,0.1613,0.0,False,33617.0,234672.0,0.0909,0.0119,0.213,1.0,91.0,37593,0.2265,0.1485,2237.0,0.0674,0.0045,0.1059,0.2026,0.0352,0.0978,0.3663,0.2241,0.074,0.2251,0.3059,0.469,0.2256,0.0148,0.0022,0.0122,595822,9610.0,0.0183,0.3387,0.2053,False,True,False,True,2026-04-25 08:14:40.931000-07:00,9.170663554823284,4.497934682086523,13.297697243722268,7.6755635039059555,8.292909503887016,0.45730401507383084,4.143134726391533,8.227509116293783,1.3201723647246222,10.422787170381499,0.7301892841482731,12.365944073486537,0.014691548742989682,0.0021975835434872013,0.018134570195482678,0.13557929424182294,0.012126179797840555,True,0.087003043621574,0.06522578491770732,0.14954006726957506,0.14954006726957506,False,True,False
11560113,당산동3가,영등포구,11560,3857.4885043374893,1990.0330613516269,0.5291592347017141,0.1526544642857143,4.564758482142857,2.223079765813067,0.39583333333333337,2745.5,8891,0.4742,0.0885,0.1569,0.2256,0.1323,0.1394,0.131,0.1263,0.4965754484693471,False,39899.0,499220.0,0.0845,0.0319,0.2556,0.2719,979.0,351800,0.6425,0.1449,4306.0,0.0544,0.0174,0.1798,0.3739,0.0531,0.0888,0.2317,0.1679,0.0846,0.5321,0.1642,0.3037,0.5886,0.029,0.0453,0.0,123127,13.8,0.014,0.1269,0.15,False,True,False,False,2026-04-25 08:14:40.931000-07:00,2.6946271807700692,9.92948140879154,11.720971621997286,7.595906531325068,8.257771604151861,0.5344455212163968,9.092907275084087,7.917718486718927,1.5183656062164186,10.594106539907239,0.798893516395474,13.120802159337375,0.028587456851912472,0.044303925556524314,0.013902905168991434,0.13050180806415812,0.0,False,0.08111905128479203,0.052971884766105724,0.1231021971339834,0.11893792407151385,False,True,False
11560102,영등포동1가,영등포구,11560,3857.4885043374893,1990.0330613516269,0.5291592347017141,0.1526544642857143,4.564758482142857,2.223079765813067,0.39583333333333337,2745.5,3975,0.4717,0.0116,0.4347,0.3786,0.0828,0.0465,0.0289,0.0169,0.20265461171899452,False,40684.0,220590.0,0.0837,0.0116,0.0412,0.3936,1528.0,164593,0.6421,0.301,4632.0,0.0324,0.0232,0.1864,0.5123,0.0557,0.0719,0.27,0.0701,0.0201,0.4732,0.0812,0.4456,0.0815,0.0033,0.0007,0.0,71726,18.0,0.0159,0.1311,0.3833,False,True,False,False,2026-04-25 08:14:40.931000-07:00,2.9444389791664403,11.51790229229152,11.180608582892493,7.595906531325068,8.257771604151861,0.5344455212163968,8.288031567776464,7.917718486718927,1.5183656062164186,10.613590173745488,0.798893516395474,12.304061053858378,0.0032945669494301114,0.0006997551142732649,0.01577491911536224,0.04545126290391736,0.0,False,0.08038111194681236,0.03188618886232173,0.028490270399627426,0.016758783814954624,False,True,False
11560118,도림동,영등포구,11560,3512.795080461877,1966.161258358968,0.5542213194706077,-0.007214583333333344,1.343152083333333,2.5493477618076876,0.375,836.0,17598,0.5063,0.0868,0.1438,0.1933,0.1312,0.1614,0.1472,0.1363,0.5151145148600799,False,32082.0,260273.0,0.0289,0.0143,0.1613,0.2096,649.0,1022068,0.4414,0.1328,2589.0,0.0681,0.0135,0.2043,0.2654,0.0407,0.0918,0.3013,0.1865,0.1143,0.753,0.0528,0.1942,0.1689,0.006,0.0069,0.0,56684,3.2,0.0619,0.2286,0.2208,True,False,False,False,2026-04-25 08:14:40.931000-07:00,1.4350845252893227,8.657927833596615,10.945247262944761,7.583838320923712,8.164167318785891,-0.19322847751042813,9.775597361230211,6.728628613084702,0.29501915262889705,10.376050404176787,0.9358375467698727,12.469486359133237,0.005982071677547469,0.006876303939432064,0.060059756427662876,0.14962617395581243,0.0,False,0.028490270399627426,0.06588136911351276,0.13732419086321887,0.12777736994182642,False,True,False
11140150,을지로4가,중구,11140,3995.4420539733574,2155.037715778309,0.5510194223509532,0.09563437500000002,3.744066666666667,2.075473424715391,0.3958333333333333,3742.5,125,0.608,0.024,0.176,0.272,0.088,0.112,0.176,0.152,0.0,False,55130.0,336010.0,0.2263,0.0064,0.1692,1.0,194.0,5444,0.5773,0.1919,5718.0,0.0565,0.0241,0.183,0.2137,0.0424,0.1059,0.3384,0.2114,0.0883,0.2217,0.2857,0.4926,0.0064,0.0025,0.0017,0.264,2364860,18918.9,0.0292,0.3193,0.2314,False,True,False,True,2026-04-25 08:14:40.931000-07:00,9.84796955717964,5.788950206930619,14.676229381538645,7.6755635039059555,8.292909503887016,0.45730401507383084,4.836281906951478,8.227509116293783,1.3201723647246222,10.917449311583729,0.7301892841482731,12.724896200407226,0.002496880198587146,0.001698556635581512,0.028781801425451947,0.10616019582839072,0.2342812957246657,True,0.20400150578584325,0.054961558073974334,0.16211884947643512,0.14149956227369942,False,True,False
11140170,충정로1가,중구,11140,3995.4420539733574,2155.037715778309,0.5510194223509532,0.09563437500000002,3.744066666666667,2.075473424715391,0.3958333333333333,3742.5,0,0.0,0.0,0.0,0.0,0.0,0.0,0.0,0.0,0.33375846329897857,True,108154.0,603234.0,0.813,0.0034,0.119,1.0,0.0,1797,0.889,0.2869,10064.0,0.0263,0.0351,0.1213,0.2834,0.0527,0.1429,0.3389,0.1448,0.0373,0.2855,0.2553,0.4592,0.2274,0.0178,0.0,0.0,8365,0.0,0.012,0.4074,0.1448,False,True,False,True,2026-04-25 08:14:40.931000-07:00,0.0,0.0,9.031811613420924,7.6755635039059555,8.292909503887016,0.45730401507383084,0.0,8.227509116293783,1.3201723647246222,11.591311416365306,0.7301892841482731,13.310060460135123,0.01764343517259528,0.0,0.011928570865273812,0.0,0.0,False,0.594982931772714,0.025960101669531624,0.0,0.0,True,False,False
11560108,영등포동7가,영등포구,11560,4151.359034735029,2285.2073150545375,0.5542356774121108,0.12011041666666666,3.1945520833333334,1.9402369658127343,0.4166666666666667,1821.0,9805,0.4811,0.1038,0.1839,0.2606,0.1453,0.1227,0.0996,0.084,0.5155165947301562,False,44025.0,554339.0,0.1146,0.0295,0.1454,0.2469,669.0,376281,0.7016,0.1888,5792.0,0.0315,0.0194,0.159,0.2276,0.0316,0.0932,0.3567,0.195,0.096,0.5679,0.1028,0.3294,0.0705,0.0034,0.397,0.1338,391618,39.9,0.0839,0.3188,0.1814,True,False,False,False,2026-04-25 08:14:40.931000-07:00,3.711130063048756,8.745965585642159,12.878042153852807,7.734212027901782,8.33119103786485,0.4933940008886585,9.190749722211178,7.507141079727608,1.1614468849916282,10.692512933364407,0.6628101129420112,13.225531691944182,0.003394233068015617,0.3343270802748248,0.08056564783956725,0.11573649848259676,0.1255748229080662,True,0.10849559615329896,0.03101405352916954,0.09494647730895352,0.08065790301745454,False,True,False
11560132,신길동,영등포구,11560,3937.2041427000972,1943.4716643745755,0.48806804675053145,0.09853124999999997,3.3369812500000005,2.3403316968178505,0.3541666666666667,13740.0,101487,0.4953,0.1202,0.1341,0.1657,0.14,0.1556,0.1511,0.1333,0.5502352664962272,False,34361.0,353890.0,0.0462,0.0162,0.0839,0.2281,643.0,4562454,0.5147,0.1516,3309.0,0.059,0.0155,0.1829,0.2617,0.0359,0.0963,0.3325,0.1716,0.102,0.683,0.0634,0.2536,0.1827,0.0087,0.0464,0.0,541464,5.3,0.0618,0.2313,0.2254,True,False,False,False,2026-04-25 08:14:40.931000-07:00,1.840549633397487,8.631164388685697,13.202031861218696,7.572231170497068,8.27822614194898,0.46187557841931587,11.527695843873678,9.52806656577634,1.2050665809341528,10.444677479283538,0.8502926701007771,12.776741409364679,0.008662373078652587,0.0453557017207972,0.05996558116743413,0.1446196896099431,0.0,False,0.04516455195437366,0.05732506661926935,0.14071800693887934,0.12513373075676568,False,True,False
11140166,서소문동,중구,11140,3995.4420539733574,2155.037715778309,0.5510194223509532,0.09563437500000002,3.744066666666667,2.075473424715391,0.3958333333333333,3742.5,22,0.6818,0.0,0.0455,0.1818,0.2273,0.0455,0.3182,0.1818,0.0,False,39360.0,355247.0,0.1029,0.0188,0.069,1.0,260.0,4045,0.2616,0.118,8111.0,0.013,0.0069,0.0433,0.3172,0.0475,0.0993,0.3378,0.1508,0.0474,0.2178,0.3572,0.425,0.1556,0.0128,0.0012,0.0,1447275,65785.2,0.0135,0.2492,0.3135,False,True,False,True,2026-04-25 08:14:40.931000-07:00,11.094165368873973,6.382492468512733,14.185193035932667,7.6755635039059555,8.292909503887016,0.45730401507383084,3.1354942159291497,8.227509116293783,1.3201723647246222,10.58050535116619,0.7301892841482731,12.780568601166477,0.012718772407774612,0.001199280575482187,0.01340968690991774,0.044495239886551304,0.0,False,0.09794307432996417,0.01291622526654623,0.2762671696364825,0.16703869992943712,False,True,False
11140131,저동1가,중구,11140,3995.4420539733574,2155.037715778309,0.5510194223509532,0.09563437500000002,3.744066666666667,2.075473424715391,0.3958333333333333,3742.5,15,0.4667,0.1333,0.0,0.1333,0.1333,0.2,0.2667,0.1333,0.0,False,70731.0,483486.0,0.4865,0.0385,0.125,1.0,441.0,1304,0.706,0.2351,9006.0,0.0434,0.0345,0.151,0.3512,0.0477,0.1171,0.3069,0.1082,0.069,0.2533,0.3623,0.3844,0.5384,0.0501,0.0018,0.0,23469,1564.6,0.0214,0.2222,0.1923,False,True,False,True,2026-04-25 08:14:40.931000-07:00,7.356024416081866,7.611647161784185,10.06343568035319,7.6755635039059555,8.292909503887016,0.45730401507383084,2.772588722239781,8.227509116293783,1.3201723647246222,11.166639228202394,0.7301892841482731,13.088777637923691,0.04888539772981066,0.0017983819413793973,0.021174235231406567,0.1823215567939546,0.0,False,0.3964243634560153,0.042484611606155395,0.23641509350744971,0.12513373075676568,False,True,False
11650109,내곡동,서초구,11650,4180.609979000685,2292.0712489515417,0.5601196921428433,0.04763541666666671,2.7699083333333334,1.937200236960721,0.4791666666666667,2341.0,8022,0.4862,0.1916,0.0891,0.1171,0.1758,0.1416,0.1486,0.1363,0.6966230580664539,False,49665.0,783263.0,0.1528,0.0657,0.2653,0.3517,1129.0,261564,0.7308,0.1507,6467.0,0.0526,0.021,0.1883,0.1614,0.0308,0.1366,0.3719,0.1552,0.1441,0.6721,0.1231,0.2048,0.2189,0.0064,0.0095,0.0,59655,7.4,0.0758,0.235,0.2073,True,False,False,False,2026-04-25 08:14:40.931000-07:00,2.128231705849268,10.41270656030639,10.9963332463099,7.737211163281465,8.338212442862943,0.36250201930571807,8.990067695753655,7.75833346749091,1.0188142269922267,10.813055738649457,0.6612437538681772,13.571223806187074,0.006379606964038988,0.009455158770755197,0.07306457085700523,0.13243078718048956,0.0,False,0.14219376570317532,0.05126329393754151,0.13854380944805916,0.12777736994182642,False,True,False
11650104,원지동,서초구,11650,6368.590826090136,2910.4383040951448,0.48115334255229775,0.38294036458333336,5.653440104166667,2.1582614574239676,0.36458333333333337,5643.125,250,0.524,0.064,0.056,0.116,0.108,0.092,0.252,0.312,0.6812385255949841,False,26680.0,570098.0,0.0,0.0,0.0,0.0,1.0,1144,0.5254,0.1579,956.0,0.0334,0.0009,0.2034,0.2538,0.0405,0.0871,0.3337,0.1767,0.1083,0.3941,0.0613,0.5446,0.1412,0.0042,0.0,0.0,133369,533.5,0.1282,0.176,0.1769,False,True,False,False,2026-04-25 08:14:40.931000-07:00,6.2813317304651,1.0,11.800875001650263,7.9760589687874575,8.759133503699355,0.7261792822714057,5.5254529391317835,8.638193269061743,1.7322642278675384,10.19166950002956,0.7693030167833529,13.253563554857056,0.004191204618468052,0.0,0.12062344232373876,0.08801087732271337,0.0,False,0.0,0.03285433687094728,0.22474227267790678,0.27155269052189734,False,True,False
11560134,양평동,영등포구,11560,3857.4885043374893,1990.0330613516269,0.5291592347017141,0.1526544642857143,4.564758482142857,2.223079765813067,0.39583333333333337,2745.5,0,0.0,0.0,0.0,0.0,0.0,0.0,0.0,0.0,0.47217937783327224,True,43085.0,470961.0,0.1078,0.0373,0.0016,0.1187,180.0,11821,0.7533,0.1538,4682.0,0.0287,0.0202,0.1785,0.2741,0.0325,0.116,0.3254,0.1814,0.0707,0.5387,0.1303,0.3311,0.6948,0.0,0.0194,0.0,2035,0.0,0.001,0.1202,0.0945,False,True,False,True,2026-04-25 08:14:40.931000-07:00,0.0,5.646206399775643,7.618251097876695,7.595906531325068,8.257771604151861,0.5344455212163968,0.0,7.917718486718927,1.5183656062164186,10.670930187673868,0.798893516395474,13.062530567022463,0.0,0.01921421892380437,0.0009995003330834232,0.0,0.0,False,0.10237606661686657,0.02829586915484725,0.0,0.0,True,False,False
11140153,방산동,중구,11140,3995.4420539733574,2155.037715778309,0.5510194223509532,0.09563437500000002,3.744066666666667,2.075473424715391,0.3958333333333333,3742.5,42,0.7143,0.0476,0.0476,0.0238,0.1667,0.0952,0.2857,0.3333,1.0,False,37678.814286,380318.1,0.08782714285714287,0.021471428571428572,0.2501716418,0.6181852941,547.042857,0,0.34086285714285713,0.13839,3235.942857,0.0562942857,0.0117271429,0.1809842857,0.2041,0.0359,0.0469,0.2536,0.2545,0.2049,0.3524,0.1993,0.4483,0.0086,0.0,0.0007,0.0,24315,578.9,0.026,0.2969,0.2626,False,True,True,True,2026-04-25 08:14:40.931000-07:00,6.362855674882395,8.178485182898743,10.098848722837886,7.6755635039059555,8.292909503887016,0.45730401507383084,3.7612001156935624,8.227509116293783,1.3201723647246222,10.536853260201541,0.7301892841482731,12.848763286788525,0.0,0.0006997551142732649,0.025667746748577813,0.09093699499210203,0.0,False,0.08418225976119412,0.05476682610026307,0.25130331710806614,0.28765707213927566,False,True,False
11140135,예관동,중구,11140,3995.4420539733574,2155.037715778309,0.5510194223509532,0.09563437500000002,3.744066666666667,2.075473424715391,0.3958333333333333,3742.5,21,0.5714,0.0476,0.0,0.0952,0.0,0.2381,0.381,0.2381,1.0,False,31136.0,331044.0,0.0454,0.0237,0.2593,1.0,31.0,1998,0.3228,0.0225,2182.0,0.056,0.016,0.1815,0.2534,0.0373,0.061,0.2912,0.2098,0.1473,0.3054,0.341,0.3536,0.1765,0.0,0.0003,0.0,21400,1019.0,0.0317,0.2013,0.2751,False,True,False,True,2026-04-25 08:14:40.931000-07:00,6.927557906278317,3.141377056573129,9.971146201009942,7.6755635039059555,8.292909503887016,0.45730401507383084,3.091042453358316,8.227509116293783,1.3201723647246222,10.346119984985732,0.7301892841482731,12.710006576038317,0.0,0.00029995500899794244,0.03120792712419322,0.21357794644450875,0.0,False,0.044399587296684515,0.054488185284069776,0.3228078744271551,0.21357794644450875,False,True,False
11140162,신당동,중구,11140,3640.5977856575155,1975.0440885661021,0.5461651651105925,0.07691041666666665,4.40414375,1.973433712479028,0.3958333333333333,11047.0,65965,0.4773,0.0961,0.1222,0.1591,0.1284,0.1666,0.1661,0.1616,0.5184118266941715,False,36166.0,460164.0,0.0558,0.0241,0.2305,0.2529,876.0,2792258,0.5465,0.1288,3791.0,0.0643,0.018,0.1954,0.2983,0.036,0.0817,0.2783,0.1927,0.113,0.615,0.1034,0.2816,0.4188,0.0172,0.0218,0.0,335729,5.1,0.0313,0.1644,0.1871,True,False,False,False,2026-04-25 08:14:40.931000-07:00,1.8082887711792655,9.568276595567985,12.724059565891766,7.588346000410669,8.199903173976026,0.4252674007202263,11.096894736757282,9.309914176872276,1.482545859108843,10.495874729944925,0.6797750267443997,13.039338226665635,0.01705375456582762,0.021565777914560585,0.030820142339886364,0.15409353533740025,0.0,False,0.054298773407378875,0.062317306064861584,0.15366484754415005,0.14979836508839456,False,True,False
11140121,회현동1가,중구,11140,3995.4420539733574,2155.037715778309,0.5510194223509532,0.09563437500000002,3.744066666666667,2.075473424715391,0.3958333333333333,3742.5,3171,0.4787,0.0899,0.1085,0.1473,0.1208,0.1681,0.1829,0.1826,0.5197664935883302,False,40823.0,599533.0,0.0883,0.0424,0.6223,0.4369,1949.0,118419,0.461,0.1627,4285.0,0.056,0.0126,0.1993,0.282,0.0543,0.0951,0.3201,0.177,0.0714,0.3612,0.2672,0.3716,0.1055,0.004,0.0025,0.0,431832,136.2,0.0068,0.3494,0.1988,False,True,False,False,2026-04-25 08:14:40.931000-07:00,4.921439715291784,12.491162256997658,12.975791902700465,7.6755635039059555,8.292909503887016,0.45730401507383084,8.06211758275474,8.227509116293783,1.3201723647246222,10.617000927048924,0.7301892841482731,13.303906297806297,0.003992021269537457,0.002496880198587146,0.006776984279023669,0.15537849717951333,0.0,False,0.08461684571987896,0.054488185284069776,0.1679690505695542,0.16771540440459254,False,True,False
11140126,명동1가,중구,11140,3995.4420539733574,2155.037715778309,0.5510194223509532,0.09563437500000002,3.744066666666667,2.075473424715391,0.3958333333333333,3742.5,7,0.7143,0.0,0.1429,0.1429,0.0,0.1429,0.2857,0.2857,0.33375846329897857,True,23214.0,323386.0,0.0067,0.0071,0.25,1.0,21.0,47876,0.0413,0.0067,286.0,0.0328,0.0004,0.0717,0.4713,0.0509,0.0757,0.2471,0.1018,0.0532,0.2072,0.3422,0.4506,0.3188,0.016,0.0064,0.0,156095,22299.3,0.0116,0.1214,0.2077,False,True,False,True,2026-04-25 08:14:40.931000-07:00,10.01235541027252,2.758921376513688,11.958220075241009,7.6755635039059555,8.292909503887016,0.45730401507383084,2.0794415416798357,8.227509116293783,1.3201723647246222,10.052510823928568,0.7301892841482731,12.686601935144813,0.015873349156290163,0.006379606964038988,0.011533235813673085,0.13356889192141522,0.0,False,0.006677654753240497,0.032273560550295635,0.25130331710806614,0.25130331710806614,True,True,False
11140139,필동3가,중구,11140,3995.4420539733574,2155.037715778309,0.5510194223509532,0.09563437500000002,3.744066666666667,2.075473424715391,0.3958333333333333,3742.5,955,0.5068,0.0691,0.2754,0.1435,0.1037,0.1372,0.1319,0.1393,0.3263876363812584,False,27309.0,236166.0,0.0182,0.0046,0.5276,0.5379,227.0,59000,0.2759,0.0681,1636.0,0.0128,0.0037,0.1861,0.499,0.0347,0.0447,0.2006,0.1542,0.0667,0.3715,0.2942,0.3343,0.3947,0.0307,0.0018,0.0,84978,89.0,0.0082,0.1744,0.1993,False,True,False,False,2026-04-25 08:14:40.931000-07:00,4.499809670330265,6.100159169363557,11.350147678442452,7.6755635039059555,8.292909503887016,0.45730401507383084,6.862757913051401,8.227509116293783,1.3201723647246222,10.214971597173399,0.7301892841482731,12.37229022657557,0.030238183060609946,0.0017983819413793973,0.008166562666393401,0.12856910079470765,0.0,False,0.018036362486098575,0.012718772407774612,0.12389763665623733,0.130414038721933,False,True,False
11140138,필동2가,중구,11140,3995.4420539733574,2155.037715778309,0.5510194223509532,0.09563437500000002,3.744066666666667,2.075473424715391,0.3958333333333333,3742.5,848,0.5283,0.0637,0.1439,0.1816,0.1297,0.1462,0.1875,0.1474,0.5492683361610932,False,25696.0,276774.0,0.0168,0.0107,0.3373,0.461,137.0,32695,0.2439,0.0442,1647.0,0.0571,0.0082,0.2245,0.4475,0.0438,0.0534,0.2315,0.1474,0.0764,0.3074,0.2479,0.4447,0.4973,0.0285,0.0048,0.0,129660,152.9,0.0182,0.1287,0.2482,False,True,False,False,2026-04-25 08:14:40.931000-07:00,5.0363030408448335,5.155128281091235,11.772670918728986,7.6755635039059555,8.292909503887016,0.45730401507383084,6.744059186311348,8.227509116293783,1.3201723647246222,10.154090616746489,0.7301892841482731,12.530956567678055,0.02810143011087478,0.004788516731797094,0.018036362486098575,0.13645212313550012,0.0,False,0.01666044089310717,0.05552930979248023,0.17185025692665923,0.1374985131856336,False,True,False
11140159,초동,중구,11140,3995.4420539733574,2155.037715778309,0.5510194223509532,0.09563437500000002,3.744066666666667,2.075473424715391,0.3958333333333333,3742.5,67,0.6567,0.0448,0.1343,0.1642,0.0597,0.1493,0.2687,0.1791,0.5230969743826497,False,34771.0,343167.0,0.0821,0.03,0.0,0.5,457.0,1138,0.3301,0.0636,5366.0,0.3023,0.022,0.1707,0.4349,0.036,0.0689,0.2427,0.1592,0.0583,0.2378,0.3045,0.4577,0.5675,0.0704,0.0029,0.0,83030,1239.2,0.0133,0.177,0.151,False,True,False,True,2026-04-25 08:14:40.931000-07:00,7.123027935915777,7.702608892924382,11.326957267256077,7.6755635039059555,8.292909503887016,0.45730401507383084,4.219507705176107,8.227509116293783,1.3201723647246222,10.456538985013989,0.7301892841482731,12.745972488126712,0.06803241039182698,0.002895803112025468,0.0132123314721349,0.13915306139257594,0.0,False,0.078903597595466,0.2641319319915205,0.23799275416441548,0.16475143560049063,False,True,False
11140103,태평로1가,중구,11140,3995.4420539733574,2155.037715778309,0.5510194223509532,0.09563437500000002,3.744066666666667,2.075473424715391,0.3958333333333333,3742.5,4,0.5,0.0,0.0,0.0,0.0,0.25,0.5,0.25,0.33375846329897857,True,36126.0,357364.0,0.0964,0.024,0.0962,1.0,547.0,4940,0.1664,0.1226,2365.0,0.1722,0.0215,0.1428,0.1104,0.0326,0.0755,0.4634,0.235,0.0831,0.2113,0.3411,0.4476,0.1771,0.0105,0.0005,0.0003,1093664,273416.0,0.013,0.2082,0.3692,False,True,False,True,2026-04-25 08:14:40.931000-07:00,12.518753381295001,8.178271601739544,13.905044084991145,7.6755635039059555,8.292909503887016,0.45730401507383084,1.6094379124341003,8.227509116293783,1.3201723647246222,10.494768106692502,0.7301892841482731,12.786510149157895,0.010445257861538604,0.0004998750416509929,0.01291622526654623,0.22314355131420976,0.00029995500899794244,True,0.09203208544649372,0.15888232506019173,0.4054651081081644,0.22314355131420976,True,True,False
11560130,양평동6가,영등포구,11560,3857.4885043374893,1990.0330613516269,0.5291592347017141,0.1526544642857143,4.564758482142857,2.223079765813067,0.39583333333333337,2745.5,4297,0.488,0.0982,0.1764,0.3093,0.152,0.1108,0.0915,0.0619,0.5222970821447933,False,40558.0,359944.0,0.0753,0.0265,0.1651,0.2011,927.0,127400,0.6933,0.21,4994.0,0.0584,0.0219,0.1846,0.2464,0.0387,0.1312,0.2124,0.2944,0.0768,0.6621,0.0791,0.2588,0.0024,0.0002,0.0,0.0,753209,175.3,0.2729,0.4694,0.2043,False,True,False,False,2026-04-25 08:14:40.931000-07:00,5.172187089403825,9.75047086676448,13.53209802471127,7.595906531325068,8.257771604151861,0.5344455212163968,8.365905077202456,7.917718486718927,1.5183656062164186,10.610488327384608,0.798893516395474,12.793703742776717,0.0001999800026662447,0.0,0.24129776189425176,0.10508047645050744,0.0,False,0.07259969241434348,0.05675833381860888,0.08755289700786145,0.060059756427662876,False,True,False
11140136,묵정동,중구,11140,3995.4420539733574,2155.037715778309,0.5510194223509532,0.09563437500000002,3.744066666666667,2.075473424715391,0.3958333333333333,3742.5,1238,0.475,0.0679,0.252,0.2504,0.143,0.101,0.0897,0.0961,0.3857324541315699,False,29153.0,268608.0,0.0238,0.0095,0.0057,0.3599,136.0,49844,0.3323,0.1376,2338.0,0.04,0.011,0.1932,0.5357,0.0404,0.0512,0.1951,0.1252,0.0525,0.4495,0.2243,0.3263,0.3931,0.0046,0.023,0.0,20275,16.4,0.0093,0.2552,0.2791,False,True,False,False,2026-04-25 08:14:40.931000-07:00,2.856470206220483,5.142554760110653,9.917143878983614,7.6755635039059555,8.292909503887016,0.45730401507383084,7.122059881629142,8.227509116293783,1.3201723647246222,10.280313102435128,0.7301892841482731,12.501008346693263,0.004589452333807224,0.02273948696948934,0.009257021262676848,0.0962188577405429,0.0,False,0.023521195041345866,0.03922071315328133,0.08590242900070329,0.09175842523954073,False,True,False
11140142,예장동,중구,11140,3995.4420539733574,2155.037715778309,0.5510194223509532,0.09563437500000002,3.744066666666667,2.075473424715391,0.3958333333333333,3742.5,767,0.5046,0.1382,0.1382,0.1591,0.1213,0.163,0.1408,0.1395,0.43867998363121147,False,33796.0,321830.0,0.0394,0.0215,0.4041,0.4107,188.0,30763,0.3929,0.1065,3300.0,0.0513,0.0084,0.2151,0.2955,0.032,0.0841,0.314,0.175,0.0994,0.2657,0.2526,0.4817,0.3794,0.0054,0.0189,0.0,22024,28.7,0.0202,0.2986,0.2199,False,True,False,False,2026-04-25 08:14:40.931000-07:00,3.391147045808654,5.72864431673588,9.999888046822443,7.6755635039059555,8.292909503887016,0.45730401507383084,6.643789733147672,8.227509116293783,1.3201723647246222,10.428097731272736,0.7301892841482731,12.68177873480115,0.005385472276337888,0.01872361399810251,0.019998686506689123,0.15100287353652742,0.0,False,0.03864362359220453,0.05002749359964807,0.13172977067789446,0.13058956970360186,False,True,False
11560119,문래동1가,영등포구,11560,3857.4885043374893,1990.0330613516269,0.5291592347017141,0.1526544642857143,4.564758482142857,2.223079765813067,0.39583333333333337,2745.5,264,0.6136,0.0341,0.0833,0.178,0.0985,0.1439,0.197,0.2652,0.3892796186480876,False,28176.0,289508.0,0.0228,0.0146,0.0,1.0,14.0,3584,0.3228,0.0479,1435.0,0.0437,0.01,0.2051,0.2763,0.0322,0.1267,0.2676,0.1913,0.1059,0.505,0.1541,0.3409,0.1599,0.007,0.0005,0.0,21326,80.8,0.0243,0.2651,0.2837,False,True,False,False,2026-04-25 08:14:40.931000-07:00,4.404277243608702,2.410140144008293,9.967682264578125,7.595906531325068,8.257771604151861,0.5344455212163968,5.579729825986222,7.917718486718927,1.5183656062164186,10.246225830735987,0.798893516395474,12.575938209464848,0.006975613736425138,0.0004998750416509929,0.024009452460351854,0.13444347654949063,0.0,False,0.022543964434894436,0.042772091843869056,0.17981842657583616,0.2352302124493568,False,True,False
11140115,남대문로2가,중구,11140,3995.4420539733574,2155.037715778309,0.5510194223509532,0.09563437500000002,3.744066666666667,2.075473424715391,0.3958333333333333,3742.5,1,1.0,0.0,0.0,0.0,0.0,0.0,1.0,0.0,0.33375846329897857,True,25888.0,325730.0,0.0,0.0,0.2501716418,0.6181852941,0.0,179,0.0112,0.0,30.0,0.0,0.0,0.0188,0.4901,0.0481,0.0919,0.2181,0.1006,0.0513,0.2519,0.2877,0.4604,0.2066,0.1507,0.0161,0.0,8420,8419.9,0.0076,0.0843,0.2279,False,True,True,True,2026-04-25 08:14:40.931000-07:00,9.038471989885263,0.0,9.038365107236372,7.6755635039059555,8.292909503887016,0.45730401507383084,0.6931471805599453,8.227509116293783,1.3201723647246222,10.161534819858218,0.7301892841482731,12.693824096325564,0.1403704528472759,0.015971769509698665,0.007571265496318126,0.0,0.0,False,0.0,0.0,0.6931471805599453,0.0,True,True,False
11560111,당산동1가,영등포구,11560,3857.4885043374893,1990.0330613516269,0.5291592347017141,0.1526544642857143,4.564758482142857,2.223079765813067,0.39583333333333337,2745.5,6766,0.5001,0.0732,0.1871,0.2473,0.1212,0.1236,0.128,0.1197,0.4492110941869328,False,35145.0,349040.0,0.0404,0.0155,0.0499,0.2344,912.0,256067,0.5551,0.1269,3477.0,0.0537,0.018,0.1993,0.3065,0.0373,0.0862,0.2753,0.1773,0.1173,0.6117,0.1465,0.2418,0.1277,0.0048,0.0134,0.0,143867,21.3,0.0175,0.613,0.1224,False,True,False,False,2026-04-25 08:14:40.931000-07:00,3.104586678466073,9.69759313988686,11.876644540655471,7.595906531325068,8.257771604151861,0.5344455212163968,8.819813136232225,7.917718486718927,1.5183656062164186,10.467237639610005,0.798893516395474,12.76294180779749,0.004788516731797094,0.013311014059672416,0.017348638334613073,0.1165378162479515,0.0,False,0.03960525459235942,0.052307779623344944,0.12044615307586706,0.11306079228401415,False,True,False
11140143,장충동1가,중구,11140,3995.4420539733574,2155.037715778309,0.5510194223509532,0.09563437500000002,3.744066666666667,2.075473424715391,0.3958333333333333,3742.5,1685,0.4926,0.095,0.1769,0.1561,0.1395,0.1418,0.124,0.1668,0.48532823089038435,False,57799.0,394044.0,0.0366,0.0301,0.9864,0.4187,325.0,83480,0.4249,0.0868,3266.0,0.0443,0.0123,0.2099,0.2987,0.036,0.056,0.2574,0.2253,0.1265,0.5305,0.1822,0.2873,0.3707,0.0097,0.0051,0.0,97372,57.8,0.0362,0.1478,0.2625,False,True,False,False,2026-04-25 08:14:40.931000-07:00,4.074141854904581,6.875331080120247,11.48629397396931,7.6755635039059555,8.292909503887016,0.45730401507383084,7.430114138561801,8.227509116293783,1.3201723647246222,10.964726753472743,0.7301892841482731,12.884217857171771,0.009653257028138346,0.005087039048557209,0.03556017539855088,0.1326059645480217,0.0,False,0.03594612677346909,0.043346804503365866,0.11689375147149943,0.15426495901142936,False,True,False
11140141,주자동,중구,11140,3995.4420539733574,2155.037715778309,0.5510194223509532,0.09563437500000002,3.744066666666667,2.075473424715391,0.3958333333333333,3742.5,22,0.8636,0.0,0.1364,0.0455,0.1818,0.2727,0.1364,0.2273,0.0,False,19931.0,304126.0,0.0,0.0,0.0,0.6181852941,0.0,479,0.078,0.0,460.0,0.0063,0.0084,0.1529,0.3128,0.0222,0.0215,0.1619,0.3423,0.1392,0.2999,0.3042,0.3958,0.0,0.0672,0.0,0.0,1157,52.6,0.0041,0.2521,0.3394,False,True,True,True,2026-04-25 08:14:40.931000-07:00,3.9815490680767565,0.0,7.053585727193677,7.6755635039059555,8.292909503887016,0.45730401507383084,3.1354942159291497,8.227509116293783,1.3201723647246222,9.900031587562738,0.7301892841482731,12.625197368202079,0.06503839617922215,0.0,0.0040916179032535575,0.24114062801586433,0.0,False,0.0,0.006280237957150456,0.12786537099789588,0.20481663462132557,False,True,False
11140149,을지로7가,중구,11140,3995.4420539733574,2155.037715778309,0.5510194223509532,0.09563437500000002,3.744066666666667,2.075473424715391,0.3958333333333333,3742.5,46,0.6087,0.0217,0.1304,0.0652,0.1087,0.1957,0.2174,0.2609,0.6302516957914928,False,26191.0,95971.0,0.0,0.0147,1.0,0.0,1.0,1238,0.1274,0.1788,761.0,0.0182,0.0024,0.2281,0.4091,0.0335,0.1158,0.3175,0.0859,0.0381,0.2827,0.1479,0.5694,0.2835,0.0322,0.0009,0.0,13707,298.0,0.0224,0.259,0.2288,False,True,False,True,2026-04-25 08:14:40.931000-07:00,5.700443573390687,1.0,9.525661930231381,7.6755635039059555,8.292909503887016,0.45730401507383084,3.8501476017100584,8.227509116293783,1.3201723647246222,10.173171119285234,0.7301892841482731,11.47180134148028,0.03169244673248973,0.0008995952428359939,0.02215280464113328,0.17873178794339725,0.0,False,0.0,0.018036362486098575,0.19671743707768705,0.23182575169704359,False,True,False
11140148,을지로6가,중구,11140,3995.4420539733574,2155.037715778309,0.5510194223509532,0.09563437500000002,3.744066666666667,2.075473424715391,0.3958333333333333,3742.5,152,0.5132,0.0197,0.2434,0.3421,0.0855,0.0658,0.125,0.1184,0.27362989789237563,False,30992.0,243072.0,0.0184,0.0144,0.2237,0.8538,130.0,31874,0.1854,0.0737,1659.0,0.0349,0.0062,0.2465,0.362,0.0449,0.0926,0.2838,0.1462,0.0706,0.3128,0.2347,0.4525,0.152,0.0087,0.0231,0.0,215126,1415.3,0.0244,0.1187,0.273,False,True,False,True,2026-04-25 08:14:40.931000-07:00,7.255803116220351,5.065788799793718,12.278979181963233,7.6755635039059555,8.292909503887016,0.45730401507383084,5.030437921392435,8.227509116293783,1.3201723647246222,10.341484385646778,0.7301892841482731,12.401112974731904,0.008662373078652587,0.022837233902757128,0.024107075343233104,0.0637256908805449,0.0,False,0.018232768261059684,0.03430480369199024,0.11778303565638346,0.11189909249740881,False,True,False
11560101,영등포동,영등포구,11560,3403.1285362242143,1808.9409057017006,0.5316505184524986,0.054952083333333394,3.6251687500000003,2.67867329268273,0.4791666666666667,2462.0,13527,0.5221,0.1155,0.1212,0.1658,0.1355,0.1759,0.1584,0.1277,0.6073541525055293,False,36395.0,408475.0,0.0648,0.0216,0.0148,0.2285,951.0,658189,0.5323,0.1457,3250.0,0.0512,0.0132,0.1779,0.2709,0.0344,0.0886,0.2443,0.2484,0.1134,0.6065,0.083,0.3105,0.1107,0.0052,0.0041,0.0,72589,5.4,0.0094,0.1335,0.3285,True,False,False,False,2026-04-25 08:14:40.931000-07:00,1.8562979903656263,9.83390132634256,11.192568674181793,7.500496818030158,8.132450445231665,0.38018514238866147,9.512516890578416,7.808729306744399,1.2879008389472781,10.502186681552358,0.9853216319062313,12.920185991899023,0.005186526687300154,0.0040916179032535575,0.009356094924025029,0.16203381184723298,0.0,False,0.06278698809876479,0.04993236874820893,0.14703974264931496,0.12018016025610488,False,True,False
11140152,주교동,중구,11140,3995.4420539733574,2155.037715778309,0.5510194223509532,0.09563437500000002,3.744066666666667,2.075473424715391,0.3958333333333333,3742.5,243,0.7654,0.0,0.0535,0.0823,0.07,0.1276,0.3251,0.3416,0.0,False,28062.0,356707.0,0.0077,0.0168,0.0,0.4228,229.0,4988,0.2547,0.0375,2227.0,0.0958,0.0106,0.4352,0.2724,0.0344,0.0604,0.2576,0.2103,0.1649,0.2725,0.259,0.4684,0.5061,0.0079,0.0004,0.0,77068,317.2,0.0093,0.1498,0.1931,False,True,False,False,2026-04-25 08:14:40.931000-07:00,5.762680115903686,6.118022091416166,11.252443428000651,7.6755635039059555,8.292909503887016,0.45730401507383084,5.497168225293202,8.227509116293783,1.3201723647246222,10.242171626953942,0.7301892841482731,12.784669995488603,0.007868958378695197,0.0003999200213268913,0.009257021262676848,0.12009148025782038,0.0,False,0.00767050630421974,0.0914846901221784,0.28148792828845337,0.293862931526862,False,True,False
11650106,잠원동,서초구,11650,9358.511700930212,3288.287478482974,0.36608557769661915,0.7374208333333333,8.293204166666667,2.2483581572753315,0.20833333333333334,7713.0,50663,0.4797,0.1992,0.1151,0.1168,0.1782,0.1868,0.1094,0.0945,0.5995161035361238,False,59427.0,1222889.0,0.2149,0.068,0.2321,0.2906,1176.0,1879784,0.6753,0.1437,8516.0,0.0349,0.0149,0.1661,0.2281,0.0271,0.0672,0.3864,0.1758,0.1155,0.6088,0.0995,0.2917,0.5218,0.0242,0.0319,0.0,598737,11.8,0.024,0.1258,0.1559,True,False,False,False,2026-04-25 08:14:40.931000-07:00,2.5494451709255714,10.555239301041091,13.302577715571765,8.098122184982703,9.144041550517919,0.9034521971649608,10.832970878196265,8.950662495933999,2.1154364043227387,10.99250394753079,0.8102002419723173,14.016726650125149,0.023911820046312877,0.03140176313953164,0.023716526617316065,0.17126060943452975,0.0,False,0.19466176887855946,0.03430480369199024,0.10381932863899707,0.09029763798078061,False,True,False
11140134,인현동2가,중구,11140,3995.4420539733574,2155.037715778309,0.5510194223509532,0.09563437500000002,3.744066666666667,2.075473424715391,0.3958333333333333,3742.5,1116,0.4937,0.0394,0.1541,0.3432,0.1577,0.103,0.112,0.0905,0.34361466294231746,False,37408.0,282539.0,0.0664,0.0206,0.004,0.3336,2134.0,25283,0.533,0.248,3976.0,0.0489,0.0215,0.1862,0.3534,0.0466,0.0513,0.2487,0.2077,0.0924,0.2323,0.3443,0.4233,0.4646,0.0154,0.0005,0.0,31813,28.5,0.0084,0.1628,0.1762,False,True,False,False,2026-04-25 08:14:40.931000-07:00,3.3843902633457743,12.874499714939368,10.367630290261705,7.6755635039059555,8.292909503887016,0.45730401507383084,7.018401799069201,8.227509116293783,1.3201723647246222,10.529639864271795,0.7301892841482731,12.551571873137526,0.015282623531156982,0.0004998750416509929,0.008364916331627672,0.0980337402713654,0.0,False,0.06428848988236187,0.0477419959854211,0.10616019582839072,0.08663630665954672,False,True,False
11140106,남대문로1가,중구,11140,3995.4420539733574,2155.037715778309,0.5510194223509532,0.09563437500000002,3.744066666666667,2.075473424715391,0.3958333333333333,3742.5,0,0.0,0.0,0.0,0.0,0.0,0.0,0.0,0.0,0.33375846329897857,True,37810.0,298210.0,0.0,0.0,0.2501716418,0.0,0.0,12,0.25,0.3461,2517.0,0.0,0.0,0.0132,0.4835,0.0683,0.0944,0.2584,0.0749,0.0206,0.1203,0.4472,0.4325,0.7998,0.1379,0.0,0.0,16564,0.0,0.0281,0.1537,0.0679,False,True,True,True,2026-04-25 08:14:40.931000-07:00,0.0,0.0,9.714986944665458,7.6755635039059555,8.292909503887016,0.45730401507383084,0.0,8.227509116293783,1.3201723647246222,10.54032889688498,0.7301892841482731,12.605553215291081,0.12918445838082582,0.0,0.0277124385665358,0.0,0.0,False,0.0,0.0,0.0,0.0,True,False,True
11140119,봉래동1가,중구,11140,3995.4420539733574,2155.037715778309,0.5510194223509532,0.09563437500000002,3.744066666666667,2.075473424715391,0.3958333333333333,3742.5,41,0.9756,0.0,0.0,0.0244,0.1463,0.3659,0.3659,0.0976,0.33375846329897857,True,40129.0,333753.0,0.1043,0.0068,0.3636,1.0,0.0,2638,0.2209,0.1802,2884.0,0.114,0.0144,0.14,0.2097,0.0406,0.0724,0.3906,0.1981,0.0886,0.2253,0.3716,0.4031,0.3835,0.0475,0.0146,0.0,79512,1939.3,0.0726,0.2045,0.1468,False,True,False,True,2026-04-25 08:14:40.931000-07:00,7.570597879277226,0.0,11.283663232647841,7.6755635039059555,8.292909503887016,0.45730401507383084,3.7376696182833684,8.227509116293783,1.3201723647246222,10.599854543937271,0.7301892841482731,12.718156477420242,0.046406372814155834,0.014494446150452511,0.07008560756668776,0.31181355202670896,0.0,False,0.09921165007094813,0.10795714150509236,0.31181355202670896,0.09312597798948365,False,True,False
11560123,문래동5가,영등포구,11560,3857.4885043374893,1990.0330613516269,0.5291592347017141,0.1526544642857143,4.564758482142857,2.223079765813067,0.39583333333333337,2745.5,4199,0.4925,0.1748,0.1198,0.1843,0.1715,0.1457,0.1053,0.0986,0.6405117191983712,False,42234.0,517319.0,0.1003,0.0315,0.0841,0.243,563.0,175503,0.7106,0.2154,5354.0,0.0551,0.0208,0.1544,0.1908,0.0388,0.1125,0.3707,0.2335,0.0537,0.6622,0.1246,0.2132,0.032,0.0067,0.0023,0.0,141206,33.6,0.6685,0.2375,0.0281,False,True,False,False,2026-04-25 08:14:40.931000-07:00,3.543853682063679,8.257245838093608,11.857975096056327,7.595906531325068,8.257771604151861,0.5344455212163968,8.34283980427146,7.917718486718927,1.5183656062164186,10.650980862836187,0.798893516395474,13.156414984487801,0.006677654753240497,0.0022973590486834584,0.5119250192092917,0.1360158039174431,0.0,False,0.09558286989373,0.05363554916590934,0.10011679133477261,0.09403664192638299,False,True,False
11650110,염곡동,서초구,11650,6368.590826090136,2910.4383040951448,0.48115334255229775,0.38294036458333336,5.653440104166667,2.1582614574239676,0.36458333333333337,5643.125,969,0.484,0.1218,0.0898,0.1404,0.1228,0.1486,0.1868,0.1899,0.6012130906548998,False,34750.0,547274.0,0.0687,0.0447,0.0216,0.3349,57.0,27117,0.3008,0.1246,2276.0,0.0287,0.0038,0.1483,0.354,0.0382,0.1271,0.2836,0.1377,0.0595,0.5159,0.1671,0.317,0.451,0.035,0.018,0.0,10621,11.0,0.0227,0.1867,0.1865,False,True,False,False,2026-04-25 08:14:40.931000-07:00,2.4849066497880004,3.8484959447178406,9.27058845232154,7.9760589687874575,8.759133503699355,0.7261792822714057,6.877296071497429,8.638193269061743,1.7322642278675384,10.455934850992938,0.7693030167833529,13.212704870065325,0.03440142671733232,0.017839918128331016,0.022446188829829995,0.13854380944805916,0.0,False,0.06644295654871396,0.02829586915484725,0.17126060943452975,0.1738692699789707,False,True,False
11650111,신원동,서초구,11650,4876.375426321202,2574.689169294276,0.5268308509484297,0.10183333333333335,3.1638875,2.231231653797472,0.3333333333333333,1132.0,7875,0.4754,0.1605,0.0889,0.1478,0.1702,0.1432,0.145,0.1444,0.645054493301233,False,47780.0,752967.0,0.1434,0.0612,0.1958,0.3,695.0,215457,0.7333,0.1317,6252.0,0.0452,0.0183,0.16,0.2158,0.0357,0.1034,0.308,0.1615,0.1755,0.6657,0.0504,0.2839,0.4956,0.019,0.003,0.0,68100,8.6,0.0143,0.0971,0.1616,True,False,False,False,2026-04-25 08:14:40.931000-07:00,2.2617630984737906,8.857829588925231,11.128732492137603,7.853484094858004,8.492157482370855,0.4669786055573921,8.971575439759016,7.0317412587631285,1.1518014930153673,10.7743624208798,0.8025537441243205,13.531776681120505,0.018821754240587667,0.002995508979798371,0.014198719399812928,0.1338313476335206,0.0,False,0.13400627984773383,0.04420825466432028,0.13540463700620298,0.1348804821938182,False,True,False
11140107,삼각동,중구,11140,3995.4420539733574,2155.037715778309,0.5510194223509532,0.09563437500000002,3.744066666666667,2.075473424715391,0.3958333333333333,3742.5,5,0.6,0.0,0.0,0.0,0.0,0.0,0.4,0.6,0.33375846329897857,True,28945.0,354856.0,0.079,0.0,0.0,0.0667,270.0,1124,0.1522,0.0898,1273.0,0.0592,0.0062,0.0656,0.2918,0.0522,0.1246,0.3603,0.1357,0.0355,0.1867,0.3813,0.432,0.4912,0.2069,0.0196,0.0,19448,3889.6,0.042,0.2293,0.1001,False,True,False,True,2026-04-25 08:14:40.931000-07:00,8.266318666363716,6.463292008672427,9.875499515995958,7.6755635039059555,8.292909503887016,0.45730401507383084,1.791759469228055,8.227509116293783,1.3201723647246222,10.273152756513104,0.7301892841482731,12.77946735236309,0.18805508864171525,0.019410393519823387,0.04114194333117521,0.0,0.0,False,0.07603468627599758,0.05751390620060664,0.3364722366212129,0.47000362924573563,True,True,False
11140104,을지로1가,중구,11140,3995.4420539733574,2155.037715778309,0.5510194223509532,0.09563437500000002,3.744066666666667,2.075473424715391,0.3958333333333333,3742.5,1,1.0,0.0,0.0,0.0,0.0,1.0,0.0,0.0,0.33375846329897857,True,29044.0,355697.0,0.0472,0.0068,0.2188,0.9399,41.0,28383,0.1001,0.0917,969.0,0.057,0.0036,0.128,0.3469,0.053,0.0896,0.329,0.1359,0.0456,0.1812,0.3617,0.4571,0.2624,0.0119,0.0028,0.0,165588,165588.3,0.0465,0.2554,0.2367,False,True,False,True,2026-04-25 08:14:40.931000-07:00,12.017265905319183,3.4482129719842973,12.017258054539555,7.6755635039059555,8.292909503887016,0.45730401507383084,0.6931471805599453,8.227509116293783,1.3201723647246222,10.276567200500137,0.7301892841482731,12.781834523827323,0.011829751753577221,0.002796087302001188,0.04545126290391736,0.6931471805599453,0.0,False,0.046119935613553036,0.055434706888100524,0.0,0.0,True,True,False
11560124,문래동6가,영등포구,11560,3857.4885043374893,1990.0330613516269,0.5291592347017141,0.1526544642857143,4.564758482142857,2.223079765813067,0.39583333333333337,2745.5,10694,0.4797,0.1904,0.0944,0.2346,0.2044,0.1228,0.0843,0.069,0.6429932378017199,False,46055.0,492655.0,0.1313,0.039,0.0191,0.2092,1734.0,361233,0.7469,0.2401,5936.0,0.0499,0.0198,0.1673,0.1191,0.0349,0.1086,0.4187,0.2459,0.0728,0.6609,0.1308,0.2084,0.1457,0.0196,0.0036,0.3941,186904,17.5,0.0211,0.1261,0.2654,False,True,False,False,2026-04-25 08:14:40.931000-07:00,2.917770732084279,12.013842977527226,12.138350395033793,7.595906531325068,8.257771604151861,0.5344455212163968,9.277531621516506,7.917718486718927,1.5183656062164186,10.737591613422335,0.798893516395474,13.107564410892257,0.019410393519823387,0.003593535510130218,0.02088047757935513,0.1158255655055904,0.3322490457769052,True,0.12336741395028404,0.0486949215387586,0.08093461749599924,0.06672363204290813,False,True,False
11560127,양평동3가,영등포구,11560,3426.095128748151,1902.2377312910455,0.551828714144262,0.16468125000000003,5.268845833333334,2.2023836738094102,0.3333333333333333,1302.0,12023,0.4812,0.151,0.1574,0.2129,0.1572,0.1407,0.093,0.0877,0.5706115930287379,False,43808.0,544469.0,0.1184,0.0322,0.0755,0.2069,746.0,460356,0.7024,0.1792,4996.0,0.0465,0.0183,0.1767,0.2787,0.0385,0.1632,0.2966,0.1549,0.068,0.5527,0.1842,0.2631,0.1385,0.0208,0.0789,0.0,201077,16.7,0.0231,0.3003,0.1942,True,False,False,False,2026-04-25 08:14:40.931000-07:00,2.8735646395797834,9.069401983512186,12.211443198260165,7.550786225458252,8.139176445208488,0.5481275688266872,9.39465993143281,7.171656822768514,1.6618113316101235,10.687571728088175,0.7895402619098719,13.207566286768385,0.020586633608388312,0.07594200357515733,0.022837233902757128,0.13164210905171517,0.0,False,0.11189909249740881,0.04545126290391736,0.08892620919440149,0.08406537511766743,False,True,False
11140155,을지로3가,중구,11140,3995.4420539733574,2155.037715778309,0.5510194223509532,0.09563437500000002,3.744066666666667,2.075473424715391,0.3958333333333333,3742.5,204,0.6569,0.0343,0.0882,0.2059,0.1127,0.1618,0.2059,0.1912,0.3153443522078124,False,30440.0,328967.0,0.0218,0.025,0.125,1.0,408.0,3990,0.2241,0.0375,2362.0,0.1845,0.0208,0.2533,0.554,0.0392,0.0602,0.2007,0.0999,0.0459,0.24,0.228,0.532,0.6218,0.0045,0.0015,0.0,138293,677.9,0.0098,0.1521,0.1707,False,True,False,False,2026-04-25 08:14:40.931000-07:00,6.520473841307601,7.416844676972508,11.837129901765959,7.6755635039059555,8.292909503887016,0.45730401507383084,5.3230099791384085,8.227509116293783,1.3201723647246222,10.323512811975622,0.7301892841482731,12.703712720765363,0.004489905272852001,0.0014988761237359487,0.009752291442678302,0.14997052657629503,0.0,False,0.021565777914560585,0.16932074461670318,0.18722617612740977,0.17496120238766222,False,True,False
11560109,영등포동8가,영등포구,11560,3517.15689692634,2071.484771602636,0.5866717120731121,0.09350000000000003,4.0554625,2.073603483403464,0.3541666666666667,1058.0,5071,0.4632,0.0905,0.1935,0.2702,0.1321,0.1209,0.1029,0.0899,0.4536596246980473,False,43712.0,599391.0,0.1109,0.0268,0.3922,0.2555,526.0,153973,0.6851,0.1697,5003.0,0.0287,0.0166,0.1836,0.2208,0.0331,0.1033,0.354,0.1677,0.1211,0.6067,0.0987,0.2946,0.2118,0.0132,0.0142,0.0,89376,17.6,0.0104,0.1958,0.2401,True,False,False,False,2026-04-25 08:14:40.931000-07:00,2.9231615807191558,8.072245118833942,11.400607468744903,7.6360209101038246,8.165408242490127,0.4538763426927218,8.531490496117062,6.964135612418245,1.4000647377835018,10.685377942930462,0.7292879070564792,13.303669418736959,0.013113639145383204,0.014100124378781626,0.010346292054144267,0.11413193404491263,0.0,False,0.10517049760553963,0.02829586915484725,0.09794307432996417,0.08608594891312898,False,True,False
11560112,당산동2가,영등포구,11560,3254.069538284722,1890.5604754104984,0.5845606581096611,0.1512125,3.855527083333333,1.8255996481045822,0.4583333333333333,1319.0,5494,0.4714,0.0987,0.1522,0.2785,0.1341,0.1269,0.1129,0.0968,0.5060984322839677,False,41515.0,500744.0,0.0969,0.032,0.0012,0.2623,772.0,195892,0.6653,0.168,4773.0,0.0448,0.0184,0.1734,0.2639,0.0362,0.0898,0.291,0.1962,0.1229,0.5611,0.1734,0.2655,0.4258,0.0252,0.0273,0.0,53185,9.7,0.0169,0.1923,0.1703,True,False,False,False,2026-04-25 08:14:40.931000-07:00,2.3702437414678603,9.173564895190152,10.881531680685764,7.544628611928312,8.087661657644292,0.5327574170651819,8.611593866837723,7.1846291527173145,1.349507724863102,10.633810086696132,0.6019085073696204,13.12385027142932,0.024887715507778883,0.02693400124008104,0.016758783814954624,0.1194704999761666,0.0,False,0.09248801943515138,0.043825479540029515,0.10696922099724239,0.09239684926596758,False,True,False
11140118,남대문로5가,중구,11140,3995.4420539733574,2155.037715778309,0.5510194223509532,0.09563437500000002,3.744066666666667,2.075473424715391,0.3958333333333333,3742.5,669,0.704,0.0538,0.0404,0.0568,0.0807,0.1988,0.3318,0.2377,0.5506503541328069,False,39332.0,967389.0,0.0988,0.0363,0.991,0.6205,1023.0,52798,0.2878,0.0681,2979.0,0.0459,0.0078,0.1684,0.3164,0.0414,0.1224,0.3461,0.1357,0.0381,0.2832,0.3505,0.3664,0.0552,0.0045,0.0044,0.2377,6263223,9362.1,0.1541,0.2557,0.1698,False,True,False,True,2026-04-25 08:14:40.931000-07:00,9.144531711219354,10.076063008735877,15.650205466813318,7.6755635039059555,8.292909503887016,0.45730401507383084,6.507277712385012,8.227509116293783,1.3201723647246222,10.579793715900047,0.7301892841482731,13.782355968622065,0.004489905272852001,0.004390348301292854,0.14332081944422198,0.18132105646037117,0.2132548185638396,True,0.09421867523898174,0.0448777587780855,0.28653141069438504,0.2132548185638396,False,True,False
11140172,의주로2가,중구,11140,3995.4420539733574,2155.037715778309,0.5510194223509532,0.09563437500000002,3.744066666666667,2.075473424715391,0.3958333333333333,3742.5,8,0.75,0.0,0.0,0.0,0.25,0.125,0.0,0.625,0.33375846329897857,True,37678.814286,380318.1,0.08782714285714287,0.021471428571428572,0.2501716418,0.6181852941,547.042857,0,0.34086285714285713,0.13839,3235.942857,0.0562942857,0.0117271429,0.1809842857,0.3432,0.0441,0.0664,0.3038,0.1673,0.0752,0.3682,0.2973,0.3345,0.0,0.0,0.0,0.0,2923,365.4,0.0215,0.2495,0.3654,False,True,True,True,2026-04-25 08:14:40.931000-07:00,5.903725632799975,8.178485182898743,7.980365765111246,7.6755635039059555,8.292909503887016,0.45730401507383084,2.1972245773362196,8.227509116293783,1.3201723647246222,10.536853260201541,0.7301892841482731,12.848763286788525,0.0,0.0,0.02127213527553977,0.11778303565638346,0.0,False,0.08418225976119412,0.05476682610026307,0.0,0.4855078157817008,True,True,False
11140113,북창동,중구,11140,3995.4420539733574,2155.037715778309,0.5510194223509532,0.09563437500000002,3.744066666666667,2.075473424715391,0.3958333333333333,3742.5,166,0.6024,0.0241,0.1446,0.2108,0.1627,0.1446,0.1867,0.1265,0.35200089107984883,False,27112.0,214850.0,0.0106,0.0153,0.1579,0.5067,554.0,6200,0.1511,0.0827,975.0,0.0568,0.0077,0.1597,0.3644,0.0494,0.0879,0.318,0.1144,0.0659,0.2486,0.2656,0.4858,0.8644,0.0244,0.0004,0.0,195850,1179.8,0.0047,0.0766,0.0473,False,True,False,True,2026-04-25 08:14:40.931000-07:00,7.073947453846208,8.213009788008547,12.185104339093977,7.6755635039059555,8.292909503887016,0.45730401507383084,5.117993812416755,8.227509116293783,1.3201723647246222,10.207731713286888,0.7301892841482731,12.27769538920314,0.024107075343233104,0.0003999200213268913,0.0046889894861314695,0.1350552309928649,0.0,False,0.010544213875671097,0.055245474225978475,0.17117634568895643,0.11911548089016212,False,True,False
11140129,남산동2가,중구,11140,3995.4420539733574,2155.037715778309,0.5510194223509532,0.09563437500000002,3.744066666666667,2.075473424715391,0.3958333333333333,3742.5,499,0.497,0.0922,0.0982,0.1503,0.1583,0.1924,0.1864,0.1222,0.4862982293894994,False,31101.0,272488.0,0.0191,0.0144,0.0185,0.2686,402.0,20427,0.3229,0.1064,2143.0,0.0566,0.0101,0.246,0.3799,0.0421,0.0938,0.2929,0.1192,0.0721,0.3465,0.2014,0.4521,0.2573,0.0241,0.0,0.0,72559,145.4,0.0096,0.314,0.1183,False,True,False,False,2026-04-25 08:14:40.931000-07:00,4.986342601527212,7.380307940195706,11.192155302996145,7.6755635039059555,8.292909503887016,0.45730401507383084,6.214608098422191,8.227509116293783,1.3201723647246222,10.344995251991222,0.7301892841482731,12.515349855418544,0.023814178099254887,0.0,0.009554212804811711,0.17596808282177925,0.0,False,0.018919884852510768,0.05505620574807839,0.1709235118415852,0.11529104433473464,False,True,False
11140105,을지로2가,중구,11140,3995.4420539733574,2155.037715778309,0.5510194223509532,0.09563437500000002,3.744066666666667,2.075473424715391,0.3958333333333333,3742.5,45,0.7556,0.0,0.2222,0.1111,0.1111,0.2,0.2667,0.0889,0.0,False,34892.0,379976.0,0.0978,0.0236,0.2021,1.0,603.0,78305,0.1894,0.1106,2119.0,0.0483,0.0029,0.1743,0.1403,0.0302,0.1216,0.4138,0.2138,0.0805,0.1758,0.4444,0.3798,0.0083,0.0013,0.0001,0.0016,16297489,362166.4,0.0749,0.2344,0.3116,False,True,False,True,2026-04-25 08:14:40.931000-07:00,12.799861814858899,8.44834247173536,16.60652160483046,7.6755635039059555,8.292909503887016,0.45730401507383084,3.828641396489095,8.227509116293783,1.3201723647246222,10.46001285555311,0.7301892841482731,12.847863371813288,0.0012991557316201288,9.999500033329732e-05,0.07222763399688073,0.1823215567939546,0.0015987213636970735,True,0.09330817713365168,0.04716980447638993,0.23641509350744971,0.0851680123698782,False,True,True
11140120,봉래동2가,중구,11140,3995.4420539733574,2155.037715778309,0.5510194223509532,0.09563437500000002,3.744066666666667,2.075473424715391,0.3958333333333333,3742.5,0,0.0,0.0,0.0,0.0,0.0,0.0,0.0,0.0,0.33375846329897857,True,37678.814286,380318.1,0.08782714285714287,0.021471428571428572,0.2501716418,0.6181852941,547.042857,0,0.34086285714285713,0.13839,3235.942857,0.0562942857,0.0117271429,0.1809842857,0.2965,0.0408,0.0825,0.3011,0.1927,0.0864,0.2988,0.2128,0.4883,0.0709,0.0375,0.0012,0.0,92169,0.0,0.003,0.1259,0.3331,False,True,True,True,2026-04-25 08:14:40.931000-07:00,0.0,8.178485182898743,11.431379127411658,7.6755635039059555,8.292909503887016,0.45730401507383084,0.0,8.227509116293783,1.3201723647246222,10.536853260201541,0.7301892841482731,12.848763286788525,0.0368139731227164,0.001199280575482187,0.002995508979798371,0.0,0.0,False,0.08418225976119412,0.05476682610026307,0.0,0.0,True,False,False
11140171,중림동,중구,11140,4070.1266716914406,2098.560868651363,0.5176933887663421,0.1047729166666667,3.382145833333333,1.9722019396991308,0.375,712.0,6263,0.4843,0.0825,0.1306,0.163,0.1359,0.1533,0.1611,0.1736,0.46717142076935536,False,37772.0,485541.0,0.0786,0.0254,0.2205,0.3006,404.0,243955,0.5519,0.1292,3534.0,0.062,0.0162,0.1808,0.2832,0.0573,0.1005,0.336,0.148,0.0749,0.5079,0.1844,0.3078,0.4089,0.0256,0.03,0.0211,145703,23.3,0.0099,0.1613,0.2822,True,False,False,False,2026-04-25 08:14:40.931000-07:00,3.190476350346503,7.392527003158409,11.889325582225267,7.6490070881434855,8.311429401218032,0.47142940875902106,8.74257423767064,6.568077911411976,1.2185103699882822,10.539323366382959,0.6791506544361083,13.093019012169526,0.025277807184268607,0.02955880224154443,0.009851316050374202,0.14262739824975598,0.02088047757935513,True,0.0756639039209896,0.060153922819747144,0.14936783165082343,0.1600759478466349,False,True,False
11140109,장교동,중구,11140,3995.4420539733574,2155.037715778309,0.5510194223509532,0.09563437500000002,3.744066666666667,2.075473424715391,0.3958333333333333,3742.5,2,0.5,0.0,0.0,0.0,0.0,0.5,0.0,0.5,0.33375846329897857,True,50277.0,531742.0,0.1838,0.0448,0.1818,1.0,94.0,3252,0.4514,0.1679,5593.0,0.1598,0.0191,0.2445,0.2646,0.0467,0.1485,0.2975,0.1602,0.0825,0.1489,0.4839,0.3672,0.1103,0.0274,0.0037,0.0,41238,20619.2,0.0172,0.3359,0.2381,False,True,False,True,2026-04-25 08:14:40.931000-07:00,9.934026456844961,4.546829057909552,10.62711544034966,7.6755635039059555,8.292909503887016,0.45730401507383084,1.0986122886681098,8.227509116293783,1.3201723647246222,10.825302995052983,0.7301892841482731,13.183913688285466,0.027031339051030518,0.0036931718376176067,0.01705375456582762,0.4054651081081644,0.0,False,0.16872960327448758,0.14824757646020312,0.0,0.4054651081081644,True,True,True
11140157,산림동,중구,11140,3995.4420539733574,2155.037715778309,0.5510194223509532,0.09563437500000002,3.744066666666667,2.075473424715391,0.3958333333333333,3742.5,134,0.5522,0.0075,0.0373,0.097,0.0821,0.1418,0.2836,0.3507,0.0,False,54115.0,495650.0,0.2039,0.0695,0.002,0.2211,2571.0,14239,0.6788,0.4589,8100.0,0.0351,0.0177,0.1792,0.3649,0.0368,0.0844,0.232,0.1597,0.1222,0.2324,0.2692,0.4984,0.1186,0.0179,0.0,0.0,29697,221.6,0.0346,0.2826,0.2476,False,True,False,False,2026-04-25 08:14:40.931000-07:00,5.4053764388414445,13.69933719502514,10.298801309587917,7.6755635039059555,8.292909503887016,0.45730401507383084,4.90527477843843,8.227509116293783,1.3201723647246222,10.898866690729246,0.7301892841482731,13.113625311461044,0.017741681476157126,0.0,0.03401487858727762,0.1326059645480217,0.0,False,0.18556628695884367,0.034498040407567356,0.2496686302535648,0.3006229765845814,False,True,False
11560116,당산동6가,영등포구,11560,3857.4885043374893,1990.0330613516269,0.5291592347017141,0.1526544642857143,4.564758482142857,2.223079765813067,0.39583333333333337,2745.5,3363,0.4773,0.0306,0.2694,0.3366,0.0975,0.0922,0.0907,0.083,0.26968890196094614,False,35198.0,272937.0,0.0437,0.0141,0.028,0.5325,855.0,143939,0.5484,0.1518,3487.0,0.0416,0.0188,0.1881,0.3802,0.0672,0.0557,0.183,0.1439,0.17,0.5135,0.1235,0.363,0.4661,0.0145,0.0146,0.0,101525,30.2,0.0079,0.0795,0.2093,False,True,False,False,2026-04-25 08:14:40.931000-07:00,3.4404180948154366,9.491198599323695,11.5280603525545,7.595906531325068,8.257771604151861,0.5344455212163968,8.120886021092838,7.917718486718927,1.5183656062164186,10.468744541790157,0.798893516395474,12.516996278305012,0.01439588028373234,0.014494446150452511,0.007868958378695197,0.08819401073591633,0.0,False,0.042772091843869056,0.040757992472167826,0.08681969195256017,0.07973496801885352,False,True,False
11560122,문래동4가,영등포구,11560,3857.4885043374893,1990.0330613516269,0.5291592347017141,0.1526544642857143,4.564758482142857,2.223079765813067,0.39583333333333337,2745.5,1906,0.5047,0.1516,0.1097,0.1438,0.1527,0.1721,0.1396,0.1306,0.6584682963296911,False,42984.0,560333.0,0.1091,0.0294,0.0004,0.2047,572.0,69123,0.7173,0.1656,5200.0,0.0646,0.0158,0.1459,0.3015,0.0438,0.1002,0.2757,0.1923,0.0865,0.6196,0.1555,0.2249,0.557,0.0032,0.0092,0.0,23104,12.1,0.016,0.1418,0.1376,False,True,False,False,2026-04-25 08:14:40.931000-07:00,2.5726122302071057,8.301012932475855,10.047761041692553,7.595906531325068,8.257771604151861,0.5344455212163968,7.553286605600419,7.917718486718927,1.5183656062164186,10.668583232408658,0.798893516395474,13.236286528838468,0.0031948908965192886,0.009157937784765724,0.015873349156290163,0.15879701174699748,0.0,False,0.10354887562855884,0.06259914175651995,0.13067732364161613,0.12274846525905342,False,True,False
11140167,정동,중구,11140,3995.4420539733574,2155.037715778309,0.5510194223509532,0.09563437500000002,3.744066666666667,2.075473424715391,0.3958333333333333,3742.5,533,0.4653,0.1182,0.1088,0.227,0.2195,0.1351,0.0938,0.0976,0.45848816472633797,False,40228.0,578277.0,0.0975,0.0396,0.9878,1.0,174.0,46939,0.2916,0.0665,3810.0,0.0188,0.0057,0.1454,0.3256,0.0485,0.1,0.3342,0.1299,0.0618,0.186,0.306,0.5079,0.7055,0.0404,0.0,0.0,170010,319.0,0.0107,0.1606,0.147,False,True,False,False,2026-04-25 08:14:40.931000-07:00,5.768320995793772,5.58276057106,12.043612537831775,7.6755635039059555,8.292909503887016,0.45730401507383084,6.280395838960195,8.227509116293783,1.3201723647246222,10.602318549564371,0.7301892841482731,13.267808271610624,0.03960525459235942,0.0,0.01064316009847976,0.12672075277915665,0.0,False,0.0930348659671893,0.01862546412316482,0.0896578719305354,0.09312597798948365,False,True,False
11140140,남학동,중구,11140,3995.4420539733574,2155.037715778309,0.5510194223509532,0.09563437500000002,3.744066666666667,2.075473424715391,0.3958333333333333,3742.5,32,0.5938,0.0,0.0625,0.0313,0.0938,0.0938,0.3125,0.4063,0.0,False,28707.0,150328.0,0.024,0.0,1.0,0.8571,0.0,750,0.3093,0.1901,1345.0,0.0735,0.0267,0.2535,0.3797,0.0599,0.0564,0.2899,0.1774,0.0366,0.3014,0.3209,0.3778,0.3018,0.0,0.0,0.0,5951,186.0,0.0487,0.0833,0.2821,False,True,False,True,2026-04-25 08:14:40.931000-07:00,5.231108616854587,0.0,8.691314551644853,7.6755635039059555,8.292909503887016,0.45730401507383084,3.4965075614664802,8.227509116293783,1.3201723647246222,10.264896274447372,0.7301892841482731,11.920574852468988,0.0,0.0,0.04755130185822235,0.0896578719305354,0.0,False,0.023716526617316065,0.07092433833669858,0.27193371548364176,0.34096214189406504,False,True,False
11140146,광희동2가,중구,11140,3995.4420539733574,2155.037715778309,0.5510194223509532,0.09563437500000002,3.744066666666667,2.075473424715391,0.3958333333333333,3742.5,834,0.482,0.0635,0.1583,0.193,0.1055,0.1163,0.1847,0.1787,0.3936099373021092,False,29569.0,249921.0,0.014,0.0101,0.1964,0.31,294.0,53077,0.3415,0.1084,1988.0,0.0463,0.0083,0.1874,0.4172,0.052,0.0969,0.2808,0.0984,0.0547,0.3902,0.1554,0.4544,0.0971,0.0137,0.0144,0.0,7232,8.7,0.0177,0.1724,0.3438,False,True,False,False,2026-04-25 08:14:40.931000-07:00,2.272125885509337,6.649387163698259,8.886270902072013,7.6755635039059555,8.292909503887016,0.45730401507383084,6.727431724850855,8.227509116293783,1.3201723647246222,10.294481794215836,0.7301892841482731,12.428900146905862,0.013607003406216947,0.014297304700824394,0.017545179215748864,0.11001964503854951,0.0,False,0.013902905168991434,0.045260131404864574,0.16948957797857644,0.16441213625038678,False,True,False
11560117,당산동,영등포구,11560,3663.756131430337,1963.0057614809639,0.5507112824308134,0.1932229166666667,5.706325,2.5556475273268293,0.4375,801.0,8279,0.455,0.0919,0.2434,0.2894,0.1244,0.097,0.0852,0.0687,0.4247214129981357,False,44737.0,550009.0,0.1084,0.0316,0.3142,0.25,533.0,374618,0.6945,0.1621,5091.0,0.0372,0.0173,0.1685,0.4194,0.0428,0.097,0.2693,0.1142,0.0572,0.5776,0.1043,0.3181,0.4138,0.0327,0.0191,0.0,23554,2.8,0.0305,0.1964,0.1603,True,False,False,False,2026-04-25 08:14:40.931000-07:00,1.33500106673234,8.107895839558324,10.067050936401493,7.582232129310852,8.2062441655632,0.5781223807347151,9.021598247379305,6.68586094706836,1.7415752087577896,10.708556178705596,0.9383056268993202,13.217689920711134,0.0321767316952212,0.018919884852510768,0.030044121348376644,0.09257918129309317,0.0,False,0.10291753400668634,0.03652477468237217,0.08176430180263958,0.06644295654871396,False,True,False
11140116,남대문로3가,중구,11140,3995.4420539733574,2155.037715778309,0.5510194223509532,0.09563437500000002,3.744066666666667,2.075473424715391,0.3958333333333333,3742.5,10,0.4,0.0,0.0,0.1,0.0,0.2,0.3,0.4,0.33375846329897857,True,37678.814286,380318.1,0.08782714285714287,0.021471428571428572,0.2501716418,0.6181852941,547.042857,0,0.34086285714285713,0.13839,3235.942857,0.0562942857,0.0117271429,0.1809842857,0.1758,0.0406,0.0839,0.3125,0.1636,0.2237,0.31,0.2318,0.4582,0.8035,0.016,0.1461,0.0,24379,2437.9,0.0066,0.0861,0.0724,False,True,True,True,2026-04-25 08:14:40.931000-07:00,7.799302396965376,8.178485182898743,10.101477384966797,7.6755635039059555,8.292909503887016,0.45730401507383084,2.3978952727983707,8.227509116293783,1.3201723647246222,10.536853260201541,0.7301892841482731,12.848763286788525,0.015873349156290163,0.13636487452051635,0.006578315360122507,0.1823215567939546,0.0,False,0.08418225976119412,0.05476682610026307,0.26236426446749106,0.3364722366212129,False,True,False
11140133,충무로5가,중구,11140,3995.4420539733574,2155.037715778309,0.5510194223509532,0.09563437500000002,3.744066666666667,2.075473424715391,0.3958333333333333,3742.5,594,0.4529,0.0152,0.33,0.3232,0.1077,0.0976,0.0724,0.0539,0.16258029020707837,False,29777.0,250989.0,0.0369,0.0126,0.3376,0.3308,672.0,39931,0.2679,0.1672,2180.0,0.036,0.0102,0.2036,0.4326,0.0324,0.052,0.2294,0.1713,0.0824,0.3467,0.2925,0.3608,0.5662,0.0253,0.0004,0.0,28532,48.0,0.0187,0.1465,0.1842,False,True,False,False,2026-04-25 08:14:40.931000-07:00,3.8918202981106265,8.759019271929064,10.258781543397928,7.6755635039059555,8.292909503887016,0.45730401507383084,6.38856140554563,8.227509116293783,1.3201723647246222,10.301491562412671,0.7301892841482731,12.433164392452396,0.0249852526939086,0.0003999200213268913,0.01852730461388356,0.09312597798948365,0.0,False,0.03623549258209536,0.035367143837291344,0.06989912737966719,0.052497568957754044,False,True,False
11140122,회현동2가,중구,11140,3995.4420539733574,2155.037715778309,0.5510194223509532,0.09563437500000002,3.744066666666667,2.075473424715391,0.3958333333333333,3742.5,795,0.4541,0.1031,0.117,0.1145,0.1182,0.1723,0.1912,0.1836,0.5166253385620724,False,52391.0,954622.0,0.1579,0.0854,0.338,0.3848,848.0,17931,0.5036,0.173,5718.0,0.0492,0.0146,0.1911,0.4099,0.0401,0.1381,0.2756,0.1026,0.0338,0.3542,0.2684,0.3774,0.0069,0.9914,0.0001,0.0,1445398,1818.1,0.1164,0.2252,0.1737,False,True,False,True,2026-04-25 08:14:40.931000-07:00,7.50609715226817,9.465225708007114,14.183895274130046,7.6755635039059555,8.292909503887016,0.45730401507383084,6.679599185844383,8.227509116293783,1.3201723647246222,10.86649009983224,0.7301892841482731,13.769070729590487,0.6888379089718469,9.999500033329732e-05,0.11010922268003011,0.15896763109564546,0.0,False,0.14660801963609024,0.04802796901058147,0.17496120238766222,0.16856064154391753,False,True,False
11140156,입정동,중구,11140,3995.4420539733574,2155.037715778309,0.5510194223509532,0.09563437500000002,3.744066666666667,2.075473424715391,0.3958333333333333,3742.5,1556,0.5006,0.0925,0.1125,0.4042,0.2095,0.1054,0.054,0.0219,0.5753128679125233,False,69004.0,627495.0,0.3371,0.0697,0.0027,0.1842,2318.0,6970,0.8443,0.5475,10021.0,0.0165,0.0159,0.1664,0.4573,0.0325,0.0458,0.2198,0.1523,0.0923,0.2797,0.2316,0.4887,0.3282,0.0061,0.0,0.0,27233,17.5,0.0151,0.2426,0.2093,False,True,False,False,2026-04-25 08:14:40.931000-07:00,2.917770732084279,13.234372536476577,10.212184752202996,7.6755635039059555,8.292909503887016,0.45730401507383084,7.350516171833998,8.227509116293783,1.3201723647246222,11.141919752913635,0.7301892841482731,13.34949098182884,0.006081470315867954,0.0,0.014987129808248238,0.10020726041702548,0.0,False,0.29050308963848276,0.01636535408626423,0.05259245011917063,0.021663639636026355,False,True,False
11650101,방배동,서초구,11650,6025.442665849604,3128.3978227322077,0.5219376841804156,0.5279,6.599164583333334,2.0591742494959564,0.3958333333333333,2734.0,93659,0.463,0.1587,0.1202,0.1351,0.163,0.1656,0.13,0.1274,0.5291155225340726,False,51903.0,867300.0,0.1451,0.0602,0.5275,0.3412,617.0,3228485,0.646,0.1181,6281.0,0.0468,0.0165,0.1839,0.1555,0.0236,0.0727,0.3433,0.2806,0.1243,0.6506,0.1109,0.2385,0.2074,0.0098,0.0178,0.0504,2197428,23.5,0.0577,0.3382,0.2169,True,False,False,False,2026-04-25 08:14:40.931000-07:00,3.1986731175506815,8.51322525222282,14.602798143499582,8.048276274758734,8.703746227170264,0.808197147250075,11.447426482737534,7.913521017283895,1.8869430627378447,10.857131870951632,0.7223050526805045,13.673140216672547,0.009752291442678302,0.01764343517259528,0.05609673935187022,0.153235975898858,0.04917104400644938,True,0.1354919694371567,0.0457378916738537,0.12221763272424911,0.11991409666533755,False,True,False
11140147,쌍림동,중구,11140,3995.4420539733574,2155.037715778309,0.5510194223509532,0.09563437500000002,3.744066666666667,2.075473424715391,0.3958333333333333,3742.5,580,0.5103,0.0328,0.1897,0.15,0.1224,0.1569,0.1414,0.2069,0.27647989688374475,False,29655.0,226885.0,0.0273,0.0133,0.2895,0.55,252.0,45485,0.289,0.1341,1910.0,0.0501,0.0078,0.2122,0.3897,0.0452,0.1034,0.2826,0.1118,0.0674,0.2803,0.3439,0.3758,0.6138,0.0587,0.0015,0.0,27070,46.7,0.041,0.1615,0.1498,False,True,False,False,2026-04-25 08:14:40.931000-07:00,3.8649313978942956,6.316347955712946,10.206181382608348,7.6755635039059555,8.292909503887016,0.45730401507383084,6.364750756851911,8.227509116293783,1.3201723647246222,10.297386024272827,0.7301892841482731,12.332198560164871,0.057041740367196996,0.0014988761237359487,0.04018178963283176,0.1457440140527062,0.0,False,0.02693400124008104,0.04888539772981066,0.13225557912047065,0.18805508864171525,False,True,False
11140169,의주로1가,중구,11140,3995.4420539733574,2155.037715778309,0.5510194223509532,0.09563437500000002,3.744066666666667,2.075473424715391,0.3958333333333333,3742.5,230,0.4391,0.187,0.1,0.2304,0.2391,0.1478,0.0522,0.0435,0.5342190516192822,False,44326.0,509852.0,0.1286,0.0451,0.3085,0.4829,2797.0,21407,0.3692,0.3349,5393.0,0.022,0.0075,0.1187,0.2973,0.046,0.0791,0.3303,0.1522,0.0951,0.3214,0.2722,0.4065,0.7525,0.1185,0.0129,0.0,15468,67.3,0.0584,0.0983,0.0581,False,True,False,False,2026-04-25 08:14:40.931000-07:00,4.223909766576744,14.089524607510006,9.646528652727188,7.6755635039059555,8.292909503887016,0.45730401507383084,5.442417710521793,8.227509116293783,1.3201723647246222,10.69932669131962,0.7301892841482731,13.141875766507047,0.1119885019480473,0.012817503710614343,0.05675833381860888,0.13784706669212507,0.0,False,0.1209779265529027,0.02176149178151271,0.05088321031456982,0.04258044753511848,False,True,False
11140144,장충동2가,중구,11140,3995.4420539733574,2155.037715778309,0.5510194223509532,0.09563437500000002,3.744066666666667,2.075473424715391,0.3958333333333333,3742.5,2828,0.5385,0.0781,0.2832,0.1432,0.093,0.1238,0.1305,0.1482,0.39882966123721586,False,26282.0,190895.0,0.0068,0.0061,0.0783,0.6058,315.0,216717,0.2542,0.0646,1318.0,0.0429,0.0077,0.2242,0.2615,0.0519,0.0971,0.2653,0.1839,0.1402,0.3898,0.1902,0.4201,0.2334,0.0039,0.003,0.0005,448779,158.7,0.0768,0.1448,0.2131,False,True,False,False,2026-04-25 08:14:40.931000-07:00,5.073297055220967,6.804079068954496,13.01428584065202,7.6755635039059555,8.292909503887016,0.45730401507383084,7.947678571301568,8.227509116293783,1.3201723647246222,10.176639573203584,0.7301892841482731,12.159478817647415,0.0038924147153438535,0.002995508979798371,0.07399367990832628,0.1167157996959607,0.0004998750416509929,True,0.006776984279023669,0.04200529414503007,0.12266001273588754,0.13819549875139947,False,True,False
11560133,대림동,영등포구,11560,3001.5672665868497,1626.9302430710536,0.5279609383787832,-0.053675,5.92635,2.0638077644789026,0.4583333333333333,2612.0,46204,0.4952,0.088,0.1289,0.1487,0.1188,0.1713,0.1744,0.17,0.5258430973280401,False,30160.0,235030.0,0.0186,0.0096,0.0901,0.1891,591.0,4130372,0.3639,0.1393,1974.0,0.0642,0.0089,0.1985,0.2093,0.0342,0.0954,0.3171,0.2108,0.1332,0.7137,0.0763,0.21,0.2271,0.0158,0.0629,0.0,239107,5.2,0.0574,0.2347,0.2185,True,False,False,False,2026-04-25 08:14:40.931000-07:00,1.824549292051046,8.391924534742484,12.384666429471237,7.394450231727711,8.006889853430897,-0.37721687055411296,10.74084329632214,7.867871490396322,1.7794085091690244,10.314271822121892,0.7245527059168898,12.367468444552975,0.015676479385007616,0.06100102155739891,0.055813064819212686,0.15811424309369193,0.0,False,0.018429135468367143,0.0622233431801319,0.16075737887811417,0.1570037488096647,False,True,False
11140117,남대문로4가,중구,11140,3995.4420539733574,2155.037715778309,0.5510194223509532,0.09563437500000002,3.744066666666667,2.075473424715391,0.3958333333333333,3742.5,4,0.75,0.0,0.0,0.5,0.0,0.25,0.0,0.25,0.33375846329897857,True,40290.0,354778.0,0.1074,0.0205,0.0476,0.3288,207.0,4383,0.2649,0.0975,2315.0,0.1353,0.0112,0.159,0.2171,0.0403,0.1213,0.3447,0.1939,0.0827,0.245,0.3369,0.418,0.0034,0.0001,0.0,0.4785,15557451,3889362.8,0.0372,0.3637,0.2527,False,True,False,True,2026-04-25 08:14:40.931000-07:00,15.173756154661428,5.915471184509919,16.56005024581425,7.6755635039059555,8.292909503887016,0.45730401507383084,1.6094379124341003,8.227509116293783,1.3201723647246222,10.603858578185394,0.7301892841482731,12.779247520730689,9.999500033329732e-05,0.0,0.03652477468237217,0.22314355131420976,0.39102806031039483,True,0.1020149254067297,0.12689693318835088,0.0,0.22314355131420976,True,True,False
11560104,영등포동3가,영등포구,11560,3857.4885043374893,1990.0330613516269,0.5291592347017141,0.1526544642857143,4.564758482142857,2.223079765813067,0.39583333333333337,2745.5,2112,0.5578,0.0062,0.3608,0.3087,0.0914,0.1056,0.0923,0.035,0.109966559671301,False,32643.0,190993.0,0.0248,0.01,0.1799,0.6934,1462.0,76773,0.3836,0.1455,3049.0,0.0445,0.0204,0.1973,0.5527,0.0409,0.057,0.1815,0.1022,0.0657,0.3852,0.1218,0.4931,0.6016,0.0125,0.0236,0.0009,99467,47.1,0.0092,0.0465,0.1947,False,True,False,False,2026-04-25 08:14:40.931000-07:00,3.8732821771117156,11.349622130614815,11.507581209844453,7.595906531325068,8.257771604151861,0.5344455212163968,7.655864017616056,7.917718486718927,1.5183656062164186,10.393385716619122,0.798893516395474,12.159992057142508,0.01242251999855711,0.023325825303496757,0.009157937784765724,0.10038817403126832,0.0008995952428359939,True,0.02449747160038737,0.04353830201448341,0.08828556486736044,0.03440142671733232,False,True,False
11560131,양화동,영등포구,11560,3857.4885043374893,1990.0330613516269,0.5291592347017141,0.1526544642857143,4.564758482142857,2.223079765813067,0.39583333333333337,2745.5,0,0.0,0.0,0.0,0.0,0.0,0.0,0.0,0.0,0.47217937783327224,True,38271.0,282604.0,0.0519,0.0,0.0,0.0,13.0,212,0.6887,0.0,5253.0,0.0185,0.0283,0.1323,0.5352,0.0381,0.0892,0.2255,0.0793,0.0327,0.5137,0.0677,0.4186,0.9277,0.0,0.0,0.0,2186,0.0,0.0026,0.0391,0.1681,False,True,True,True,2026-04-25 08:14:40.931000-07:00,0.0,2.3513326773701513,7.689828668736484,7.595906531325068,8.257771604151861,0.5344455212163968,0.0,7.917718486718927,1.5183656062164186,10.5524477082064,0.798893516395474,12.551801903414063,0.0,0.0,0.002596625847265914,0.0,0.0,False,0.050598052763091435,0.01833095668472342,0.0,0.0,True,False,False
11140108,수하동,중구,11140,3995.4420539733574,2155.037715778309,0.5510194223509532,0.09563437500000002,3.744066666666667,2.075473424715391,0.3958333333333333,3742.5,0,0.0,0.0,0.0,0.0,0.0,0.0,0.0,0.0,0.33375846329897857,True,74817.0,450739.0,0.3423,0.0498,0.18,1.0,75.0,3943,0.4803,0.2396,5852.0,0.0499,0.0216,0.1796,0.364,0.0558,0.1102,0.3318,0.105,0.0332,0.1045,0.5444,0.3511,0.8095,0.1,0.0051,0.0,134830,0.0,0.0146,0.115,0.0703,False,True,False,True,2026-04-25 08:14:40.931000-07:00,0.0,4.217157257328935,11.811770004628121,7.6755635039059555,8.292909503887016,0.45730401507383084,0.0,8.227509116293783,1.3201723647246222,11.222800410867308,0.7301892841482731,13.018643736996294,0.09531017980432493,0.005087039048557209,0.014494446150452511,0.0,0.0,False,0.2943845605114534,0.0486949215387586,0.0,0.0,True,False,True
11140165,황학동,중구,11140,3157.283081593487,1991.6563846839542,0.6337012633053999,0.014179166666666668,4.025816666666667,2.4274433436829748,0.4166666666666667,1870.0,13122,0.4702,0.0791,0.1657,0.2503,0.1414,0.1305,0.1222,0.1109,0.4713635944247286,False,33754.0,359468.0,0.0338,0.0175,0.1798,0.3392,951.0,523693,0.4857,0.151,3495.0,0.0569,0.0171,0.2195,0.2911,0.0413,0.0832,0.268,0.2035,0.1129,0.579,0.1252,0.2958,0.1733,0.0129,0.0131,0.0,142950,10.9,0.0165,0.1681,0.2822,True,False,False,False,2026-04-25 08:14:40.931000-07:00,2.4765384001174837,9.83390132634256,11.870250197750458,7.596721925616496,8.057467152448577,0.24203835089369916,9.482121694896287,7.533693709848633,1.3927277888401242,10.42685420779643,0.8868385815424792,12.792380439664004,0.012817503710614343,0.013014937077494544,0.01636535408626423,0.12266001273588754,0.0,False,0.033241333779801936,0.055340095033164546,0.11529104433473464,0.10517049760553963,False,True,False
11560120,문래동2가,영등포구,11560,3857.4885043374893,1990.0330613516269,0.5291592347017141,0.1526544642857143,4.564758482142857,2.223079765813067,0.39583333333333337,2745.5,1052,0.501,0.1283,0.0922,0.1673,0.173,0.1264,0.1511,0.1616,0.5960019009040177,False,36083.0,311856.0,0.0522,0.0116,0.0005,0.2249,1426.0,77500,0.454,0.1849,2782.0,0.053,0.0095,0.1723,0.5678,0.0385,0.0528,0.1685,0.1395,0.0329,0.5068,0.1575,0.3357,0.2346,0.0038,0.0004,0.0001,67713,64.4,0.0079,0.0537,0.3853,False,True,False,False,2026-04-25 08:14:40.931000-07:00,4.180522258463153,11.255690009936618,11.123033464099866,7.595906531325068,8.257771604151861,0.5344455212163968,6.959398512133975,7.917718486718927,1.5183656062164186,10.493577119278669,0.798893516395474,12.650296821788421,0.0037927982386962624,0.0003999200213268913,0.007868958378695197,0.11902670642164097,9.999500033329732e-05,True,0.05088321031456982,0.051643233151838386,0.14071800693887934,0.14979836508839456,False,True,False
11140127,명동2가,중구,11140,3995.4420539733574,2155.037715778309,0.5510194223509532,0.09563437500000002,3.744066666666667,2.075473424715391,0.3958333333333333,3742.5,511,0.1037,0.002,0.0039,0.0489,0.137,0.227,0.2485,0.3327,0.0,False,25752.0,327335.0,0.0068,0.0197,0.2667,1.0,80.0,22989,0.2522,0.0048,1084.0,0.047,0.0007,0.0661,0.4395,0.0445,0.0808,0.2558,0.1147,0.0648,0.2304,0.2811,0.4885,0.5829,0.0123,0.0105,0.0,119631,234.1,0.0049,0.154,0.1838,False,True,False,False,2026-04-25 08:14:40.931000-07:00,5.460010955546024,4.308863086208234,11.69216728423726,7.6755635039059555,8.292909503887016,0.45730401507383084,6.238324625039508,8.227509116293783,1.3201723647246222,10.156267572978644,0.7301892841482731,12.698739390305226,0.012224969622568948,0.010445257861538604,0.004888034072775866,0.20457216572877446,0.0,False,0.006776984279023669,0.045928931888399735,0.2219428307376908,0.28720695960354425,False,True,False
11140112,남창동,중구,11140,3995.4420539733574,2155.037715778309,0.5510194223509532,0.09563437500000002,3.744066666666667,2.075473424715391,0.3958333333333333,3742.5,401,0.4988,0.0524,0.0773,0.0923,0.1122,0.1596,0.2394,0.2668,0.48563690190945596,False,28173.0,298207.0,0.009,0.0097,0.0012,0.2947,572.0,12004,0.4187,0.0759,1609.0,0.0612,0.0095,0.2591,0.1496,0.0265,0.0898,0.3496,0.2573,0.1273,0.2691,0.3123,0.4186,0.3012,0.0152,0.0068,0.0,148824,371.1,0.0157,0.2126,0.2562,False,True,False,False,2026-04-25 08:14:40.931000-07:00,5.919162635352577,8.301012932475855,11.910519678697824,7.6755635039059555,8.292909503887016,0.45730401507383084,5.996452088619021,8.227509116293783,1.3201723647246222,10.246119351472723,0.7301892841482731,12.605543155215665,0.015085637418040953,0.006776984279023669,0.015578029963318462,0.14807511806536336,0.0,False,0.008959741371471801,0.059400343281447464,0.2146273915458701,0.23649403568234761,False,True,False
11140128,남산동1가,중구,11140,3995.4420539733574,2155.037715778309,0.5510194223509532,0.09563437500000002,3.744066666666667,2.075473424715391,0.3958333333333333,3742.5,129,0.5349,0.0698,0.093,0.1008,0.2171,0.1473,0.0853,0.2868,0.48110193066952855,False,30875.0,557316.0,0.0342,0.0668,0.375,1.0,238.0,3405,0.3543,0.0346,2225.0,0.1622,0.0112,0.1387,0.4324,0.0965,0.0742,0.1977,0.1513,0.0478,0.3518,0.1922,0.456,0.6739,0.009,0.0399,0.0,14722,114.1,0.0106,0.0924,0.1426,False,True,False,False,2026-04-25 08:14:40.931000-07:00,4.745801315727837,6.197143130582611,9.59709825261865,7.6755635039059555,8.292909503887016,0.45730401507383084,4.867534450455582,8.227509116293783,1.3201723647246222,10.337702073930279,0.7301892841482731,13.230887682996576,0.008959741371471801,0.03912455468405008,0.010544213875671097,0.13741135582296024,0.0,False,0.03362818097998406,0.15031476065886806,0.08185644646983214,0.2521585163827342,False,True,False
11650102,양재동,서초구,11650,5186.119626551507,2238.923111646093,0.4344612518820153,0.1560166666666667,4.21976875,2.4787964831390847,0.4166666666666667,794.0,35084,0.4886,0.1122,0.1378,0.194,0.1563,0.1545,0.1342,0.1109,0.5051913911325837,False,41544.0,467612.0,0.0902,0.0375,0.1433,0.3834,938.0,1211575,0.624,0.1285,4849.0,0.0555,0.0212,0.1975,0.1631,0.0302,0.0713,0.3314,0.2747,0.1293,0.5114,0.1879,0.3007,0.0169,0.0009,0.0016,0.0,44668072,1273.2,0.0386,0.36,0.3028,True,False,False,True,2026-04-25 08:14:40.931000-07:00,7.150073809682388,9.78888640394234,17.614769531438704,7.713750275520537,8.553741033042652,0.5383407648861585,10.465528967686389,6.677083461247136,1.4397803279682244,10.634508385524155,0.9077731533292258,13.055394171210557,0.0008995952428359939,0.0015987213636970735,0.03787365242808149,0.14366734981241305,0.0,False,0.0863611656480435,0.05401458830623835,0.12592755659779067,0.10517049760553963,False,True,False
11140132,충무로4가,중구,11140,3995.4420539733574,2155.037715778309,0.5510194223509532,0.09563437500000002,3.744066666666667,2.075473424715391,0.3958333333333333,3742.5,1497,0.487,0.0982,0.1009,0.1316,0.1276,0.179,0.1977,0.165,0.5608767364421063,False,37274.0,614857.0,0.0707,0.0411,0.3707,0.4814,1698.0,40891,0.4554,0.1879,4044.0,0.0482,0.0105,0.2033,0.3361,0.0323,0.0474,0.2948,0.1871,0.1024,0.3617,0.2449,0.3934,0.3346,0.0047,0.0028,0.0,78188,52.2,0.0203,0.2455,0.1619,False,True,False,False,2026-04-25 08:14:40.931000-07:00,3.9740583963475986,11.930120180782648,11.266871462072913,7.6755635039059555,8.292909503887016,0.45730401507383084,7.311886164077165,8.227509116293783,1.3201723647246222,10.526051311640611,0.7301892841482731,13.32914499942641,0.0046889894861314695,0.002796087302001188,0.020096701699122397,0.16466662155523393,0.0,False,0.06831264018208728,0.04707440738592885,0.18040305097132403,0.15272108701766393,False,True,False
