{"type":"FeatureCollection","features":[{"type":"Feature","geometry":{"type":"Polygon","coordinates":[[[127.01527737000004,37.56973842100001],[127.01565971599996,37.56920975999998],[127.01582826000003,37.56705224199999],[127.01390948000005,37.56671289899998],[127.01419895499998,37.565130097],[127.01430313100002,37.563987838],[127.01546679499995,37.56309710199997],[127.01624717000004,37.565361301],[127.01810931600005,37.56557057399999],[127.02051484399999,37.565674151999985],[127.023443284,37.565157613999986],[127.02358776999995,37.56579641600001],[127.02360224899996,37.565181224000014],[127.02680257099996,37.565043338],[127.02653043,37.56337140699998],[127.02596668599995,37.56262947800002],[127.02456508600005,37.56188701000002],[127.02336744000002,37.56066693899999],[127.022803586,37.55937128],[127.02293212999996,37.55786605399999],[127.02193923799996,37.55748053399998],[127.02091528200003,37.55783201899999],[127.01805802700005,37.55685067899998],[127.01735597000004,37.55586300099998],[127.01687357799995,37.55447240900003],[127.01700131099994,37.553657000999976],[127.014883263,37.551537086],[127.01314872399996,37.550056541],[127.01218373999995,37.549419613],[127.01161154199997,37.548492732],[127.00969648299997,37.54789438300003],[127.00911541599999,37.54705799300001],[127.00922899800003,37.546389986],[127.00817125900005,37.545066427999984],[127.00900602499996,37.54414177899997],[127.00728225800003,37.54386493499999],[127.005035582,37.546176924],[127.00534792999997,37.54735257700003],[127.00614513000005,37.54819630100002],[127.00470587200005,37.54868811099999],[127.00433800400003,37.550214794],[127.00467087599998,37.550513103000014],[127.00404723500003,37.551582875],[127.00457641100002,37.55303278299999],[127.00446813600001,37.553681927000014],[127.00718564600004,37.55639506699998],[127.00820437699997,37.556994927],[127.00828661399999,37.55818106700002],[127.00856881100003,37.559114713999975],[127.00981051899998,37.560312407000026],[127.00927048799997,37.560878478],[127.00973192499998,37.56300610300002],[127.01007524700003,37.56448201400002],[127.01165899,37.566196338],[127.01084981400004,37.568034951000016],[127.01034867299995,37.56834880600002],[127.00985310099998,37.569767042000024],[127.01005354999995,37.569772985999975],[127.01527737000004,37.56973842100001]]]},"properties":{"EMD_CD":"11140162","EMD_KOR_NM":"신당동","EMD_ENG_NM":"Sindang-dong","ESRI_PK":162,"SHAPE_AREA":0.000244,"SHAPE_LEN":0.100908}},{"type":"Feature","geometry":{"type":"Polygon","coordinates":[[[126.99090615900002,37.568203777],[126.99089555600005,37.56807508899999],[126.99087138799996,37.566828009],[126.98970004800003,37.56676739699998],[126.98841699000002,37.56672894600001],[126.98797843600005,37.567346422000014],[126.98821465499998,37.568139109000015],[126.98821477900003,37.5681391],[126.98894647099996,37.56810600599999],[126.99090615900002,37.568203777]]]},"properties":{"EMD_CD":"11140110","EMD_KOR_NM":"수표동","EMD_ENG_NM":"Supyo-dong","ESRI_PK":159,"SHAPE_AREA":0.000004,"SHAPE_LEN":0.008403}},{"type":"Feature","geometry":{"type":"Polygon","coordinates":[[[126.99360286900003,37.56213634],[126.99362531300005,37.56188553700002],[126.99318530599999,37.56096075],[126.99328388100002,37.56016614700002],[126.99248875700005,37.560045016],[126.99121288200001,37.56029307199998],[126.99165032799999,37.561117766],[126.992297097,37.561786445999985],[126.99360286900003,37.56213634]]]},"properties":{"EMD_CD":"11140137","EMD_KOR_NM":"필동1가","EMD_ENG_NM":"Pil-dong 1(il)-ga","ESRI_PK":146,"SHAPE_AREA":0.000004,"SHAPE_LEN":0.010124}},{"type":"Feature","geometry":{"type":"Polygon","coordinates":[[[127.00537107599996,37.569612587999984],[127.00447824800005,37.56810921099998],[127.00385376,37.568336785999975],[127.00251884,37.56749550500001],[127.00089018400001,37.56768406100002],[127.00150970899995,37.56836016599999],[127.00146667900003,37.56950989699999],[127.00537107599996,37.569612587999984]]]},"properties":{"EMD_CD":"11140153","EMD_KOR_NM":"방산동","EMD_ENG_NM":"Bangsan-dong","ESRI_PK":127,"SHAPE_AREA":0.000006,"SHAPE_LEN":0.012409}},{"type":"Feature","geometry":{"type":"Polygon","coordinates":[[[126.99165032799999,37.561117766],[126.99121288200001,37.56029307199998],[126.99017803699996,37.559941385],[126.99054156900002,37.56117923099998],[126.99057003300004,37.56117388500002],[126.99165032799999,37.561117766]]]},"properties":{"EMD_CD":"11140140","EMD_KOR_NM":"남학동","EMD_ENG_NM":"Namhak-dong","ESRI_PK":147,"SHAPE_AREA":0.000001,"SHAPE_LEN":0.004663}},{"type":"Feature","geometry":{"type":"Polygon","coordinates":[[[126.99311135599999,37.563392943999986],[126.99354683199999,37.56308155800002],[126.99360286900003,37.56213634],[126.992297097,37.561786445999985],[126.99165032799999,37.561117766],[126.99057003300004,37.56117388500002],[126.99033510699996,37.56295563600003],[126.99126605200001,37.56330192899998],[126.99311135599999,37.563392943999986]]]},"properties":{"EMD_CD":"11140158","EMD_KOR_NM":"충무로3가","EMD_ENG_NM":"Chungmuro 3(sam)-ga","ESRI_PK":153,"SHAPE_AREA":0.000005,"SHAPE_LEN":0.012618}},{"type":"Feature","geometry":{"type":"Polygon","coordinates":[[[126.98841699000002,37.56672894600001],[126.98569927599999,37.566996184],[126.98616597499995,37.568131144],[126.98648418000005,37.568263907000016],[126.98814351800002,37.568144209000025],[126.98821465499998,37.568139109000015],[126.98797843600005,37.567346422000014],[126.98841699000002,37.56672894600001]]]},"properties":{"EMD_CD":"11140109","EMD_KOR_NM":"장교동","EMD_ENG_NM":"Janggyo-dong","ESRI_PK":158,"SHAPE_AREA":0.000003,"SHAPE_LEN":0.008561}},{"type":"Feature","geometry":{"type":"Polygon","coordinates":[[[126.99054156900002,37.56117923099998],[126.99017803699996,37.559941385],[126.98842834899995,37.560261578999985],[126.98825294200003,37.56115282799999],[126.99054156900002,37.56117923099998]]]},"properties":{"EMD_CD":"11140141","EMD_KOR_NM":"주자동","EMD_ENG_NM":"Juja-dong","ESRI_PK":148,"SHAPE_AREA":0.000002,"SHAPE_LEN":0.006737}},{"type":"Feature","geometry":{"type":"Polygon","coordinates":[[[126.99844981800004,37.561068584],[126.99736298100004,37.56153881],[126.99746248600002,37.561826187],[126.99854681099998,37.56277430799997],[126.99916987400002,37.563108063000016],[126.99910255600003,37.563913851],[127.00173135499995,37.56409301999997],[127.00181911699997,37.56300937899999],[127.00121871800002,37.562863299000014],[126.99921691999998,37.562140236],[126.99844981800004,37.561068584]]]},"properties":{"EMD_CD":"11140133","EMD_KOR_NM":"충무로5가","EMD_ENG_NM":"Chungmuro 5(o)-ga","ESRI_PK":199,"SHAPE_AREA":0.000006,"SHAPE_LEN":0.014495}},{"type":"Feature","geometry":{"type":"Polygon","coordinates":[[[127.00089018400001,37.56768406100002],[127.00061351399995,37.56717646200002],[126.99783963000004,37.567216426000016],[126.99773319799999,37.56788269100002],[126.99635180899998,37.56865529200002],[126.99637571300002,37.56865698500002],[126.99797807899995,37.568840303],[127.00146667900003,37.56950989699999],[127.00150970899995,37.56836016599999],[127.00089018400001,37.56768406100002]]]},"properties":{"EMD_CD":"11140152","EMD_KOR_NM":"주교동","EMD_ENG_NM":"Jugyo-dong","ESRI_PK":140,"SHAPE_AREA":0.000007,"SHAPE_LEN":0.013202}},{"type":"Feature","geometry":{"type":"Polygon","coordinates":[[[126.97171794799999,37.55738640200002],[126.97269284100003,37.556392453],[126.97346951199995,37.556284429000016],[126.97335432900002,37.55412585099998],[126.97242400799996,37.554879888000016],[126.96918664999998,37.55487825199998],[126.96920204100002,37.555664497],[126.96924370800002,37.556837116],[126.96950089799998,37.559245928999985],[126.970897509,37.55936909299999],[126.97109384299995,37.55887986099998],[126.97171794799999,37.55738640200002]]]},"properties":{"EMD_CD":"11140120","EMD_KOR_NM":"봉래동2가","EMD_ENG_NM":"Bongnae-dong 2(i)-ga","ESRI_PK":144,"SHAPE_AREA":0.000013,"SHAPE_LEN":0.017439}},{"type":"Feature","geometry":{"type":"Polygon","coordinates":[[[126.99844981800004,37.561068584],[126.99927828900002,37.56086521399999],[126.998547013,37.560262905],[126.99804018400005,37.55864299000001],[126.99718365700005,37.558518847000016],[126.99724259200002,37.557624686],[126.99630710400004,37.556923557],[126.99556948099996,37.555037889],[126.995481713,37.556747058999974],[126.995832081,37.55731892099999],[126.99620625900002,37.559100168999976],[126.99591292800005,37.559690112],[126.99686870000005,37.560110251000026],[126.996751916,37.560844508],[126.99736298100004,37.56153881],[126.99844981800004,37.561068584]]]},"properties":{"EMD_CD":"11140139","EMD_KOR_NM":"필동3가","EMD_ENG_NM":"Pil-dong 3(sam)-ga","ESRI_PK":131,"SHAPE_AREA":0.00001,"SHAPE_LEN":0.030693}},{"type":"Feature","geometry":{"type":"Polygon","coordinates":[[[126.981258357,37.559956962],[126.98248212700003,37.558403543],[126.982563153,37.556950676999975],[126.98345653900003,37.55643204099999],[126.98419481999997,37.55767360599998],[126.98458954,37.557673485],[126.98440752299996,37.556703184000014],[126.98478233000003,37.55608387199999],[126.98542955599999,37.55370504199999],[126.98404581499994,37.55304170199997],[126.98203955300005,37.553796455999986],[126.98096113999998,37.553850203000025],[126.98032044299998,37.554545804999975],[126.97797144100002,37.55500847299999],[126.97893009500001,37.55608681899997],[126.97974219499997,37.556366174],[126.97861064999995,37.557283573],[126.97841530699998,37.55841244499999],[126.97928106899997,37.559360029],[126.97939713899996,37.561125764999986],[126.98041844399995,37.561273382000024],[126.98079985200002,37.56000111499998],[126.981258357,37.559956962]]]},"properties":{"EMD_CD":"11140121","EMD_KOR_NM":"회현동1가","EMD_ENG_NM":"Hoehyeon-dong 1(il)-ga","ESRI_PK":154,"SHAPE_AREA":0.00003,"SHAPE_LEN":0.034823}},{"type":"Feature","geometry":{"type":"Polygon","coordinates":[[[126.99456282799997,37.567000603999986],[126.99460949000002,37.56851321099998],[126.99635180899998,37.56865529200002],[126.99773319799999,37.56788269100002],[126.99783963000004,37.567216426000016],[126.99510690800003,37.56674939200002],[126.99456282799997,37.567000603999986]]]},"properties":{"EMD_CD":"11140157","EMD_KOR_NM":"산림동","EMD_ENG_NM":"Sallim-dong","ESRI_PK":136,"SHAPE_AREA":0.000005,"SHAPE_LEN":0.009536}},{"type":"Feature","geometry":{"type":"Polygon","coordinates":[[[126.976131473,37.564903499000025],[126.97580792899998,37.56281256099999],[126.97471753900004,37.56250583799999],[126.97428198700004,37.56091680499998],[126.97315434500001,37.56065133300001],[126.97126264500002,37.562905801],[126.97296521299995,37.56336641199999],[126.97281820499995,37.564977865],[126.97427697499995,37.564790023],[126.976131473,37.564903499000025]]]},"properties":{"EMD_CD":"11140166","EMD_KOR_NM":"서소문동","EMD_ENG_NM":"Seosomun-dong","ESRI_PK":133,"SHAPE_AREA":0.000012,"SHAPE_LEN":0.018432}},{"type":"Feature","geometry":{"type":"Polygon","coordinates":[[[126.97961771200005,37.56295665599998],[126.97915079500001,37.561537944],[126.97761029000003,37.56116153300002],[126.97692133500004,37.56180044299998],[126.97774823400005,37.563794617999974],[126.97877658300001,37.56381573099998],[126.97961771200005,37.56295665599998]]]},"properties":{"EMD_CD":"11140113","EMD_KOR_NM":"북창동","EMD_ENG_NM":"Bukchang-dong","ESRI_PK":170,"SHAPE_AREA":0.000004,"SHAPE_LEN":0.011132}},{"type":"Feature","geometry":{"type":"Polygon","coordinates":[[[126.98458954,37.557673485],[126.98419481999997,37.55767360599998],[126.98383049400002,37.559313581000026],[126.98459595099996,37.559683092],[126.98475071999997,37.56080448199998],[126.985174261,37.56086102099999],[126.98561995,37.56055544600002],[126.98449744100003,37.558403939000016],[126.98458954,37.557673485]]]},"properties":{"EMD_CD":"11140128","EMD_KOR_NM":"남산동1가","EMD_ENG_NM":"Namsan-dong 1(il)-ga","ESRI_PK":126,"SHAPE_AREA":0.000002,"SHAPE_LEN":0.009173}},{"type":"Feature","geometry":{"type":"Polygon","coordinates":[[[126.98569927599999,37.566996184],[126.98445853400005,37.567026183],[126.98311863799995,37.56672504599999],[126.98318094800004,37.56695091900002],[126.98410626999998,37.567515125],[126.98616597499995,37.568131144],[126.98569927599999,37.566996184]]]},"properties":{"EMD_CD":"11140108","EMD_KOR_NM":"수하동","EMD_ENG_NM":"Suha-dong","ESRI_PK":157,"SHAPE_AREA":0.000002,"SHAPE_LEN":0.008179}},{"type":"Feature","geometry":{"type":"Polygon","coordinates":[[[126.96950089799998,37.559245928999985],[126.96924370800002,37.556837116],[126.965994852,37.557315174],[126.96475302099998,37.556674164000015],[126.96343873599994,37.556958486999974],[126.96305749500004,37.558031706],[126.96170649400005,37.55898451799999],[126.961698006,37.55902871500001],[126.963324489,37.55921758699998],[126.96546553899998,37.560294553],[126.96685098299997,37.561274894],[126.96809575199995,37.56165499399998],[126.96812941400003,37.56153300099999],[126.96843085700004,37.56074703199999],[126.96955067800002,37.56030063700001],[126.96950089799998,37.559245928999985]]]},"properties":{"EMD_CD":"11140171","EMD_KOR_NM":"중림동","EMD_ENG_NM":"Jungnim-dong","ESRI_PK":198,"SHAPE_AREA":0.000023,"SHAPE_LEN":0.023999}},{"type":"Feature","geometry":{"type":"Polygon","coordinates":[[[126.98982784700002,37.565514678],[126.99100349599996,37.56537743000001],[126.99062696299995,37.564500673],[126.99126605200001,37.56330192899998],[126.99033510699996,37.56295563600003],[126.98930182699996,37.56292720800002],[126.98879780000004,37.563343524],[126.98862745300005,37.56526650699999],[126.98982784700002,37.565514678]]]},"properties":{"EMD_CD":"11140161","EMD_KOR_NM":"저동2가","EMD_ENG_NM":"Jeo-dong 2(i)-ga","ESRI_PK":137,"SHAPE_AREA":0.000006,"SHAPE_LEN":0.011211}},{"type":"Feature","geometry":{"type":"Polygon","coordinates":[[[127.01810931600005,37.56557057399999],[127.01624717000004,37.565361301],[127.01419895499998,37.565130097],[127.01390948000005,37.56671289899998],[127.01582826000003,37.56705224199999],[127.01565971599996,37.56920975999998],[127.01527737000004,37.56973842100001],[127.01735378700005,37.57007875199997],[127.01770890700004,37.57016856400003],[127.01810931600005,37.56557057399999]]]},"properties":{"EMD_CD":"11140163","EMD_KOR_NM":"흥인동","EMD_ENG_NM":"Heungin-dong","ESRI_PK":138,"SHAPE_AREA":0.000013,"SHAPE_LEN":0.018416}},{"type":"Feature","geometry":{"type":"Polygon","coordinates":[[[127.00447824800005,37.56810921099998],[127.00381090500002,37.56615641899998],[127.003218522,37.565300405000016],[127.00264219400003,37.565341697],[127.00239759700003,37.56550721100001],[127.001586169,37.565877596],[126.99988259700001,37.565783056999976],[127.00061351399995,37.56717646200002],[127.00089018400001,37.56768406100002],[127.00251884,37.56749550500001],[127.00385376,37.568336785999975],[127.00447824800005,37.56810921099998]]]},"properties":{"EMD_CD":"11140151","EMD_KOR_NM":"을지로5가","EMD_ENG_NM":"Euljiro 5(o)-ga","ESRI_PK":139,"SHAPE_AREA":0.000008,"SHAPE_LEN":0.013476}},{"type":"Feature","geometry":{"type":"Polygon","coordinates":[[[126.98223051800005,37.56488540700002],[126.98095220599998,37.562234347000015],[126.97961771200005,37.56295665599998],[126.97877658300001,37.56381573099998],[126.97774823400005,37.563794617999974],[126.97869067299996,37.565463807000015],[126.97925783000005,37.565075696],[126.98099825199995,37.56528281300001],[126.98223051800005,37.56488540700002]]]},"properties":{"EMD_CD":"11140111","EMD_KOR_NM":"소공동","EMD_ENG_NM":"Sogong-dong","ESRI_PK":123,"SHAPE_AREA":0.000008,"SHAPE_LEN":0.015257}},{"type":"Feature","geometry":{"type":"Polygon","coordinates":[[[126.98318094800004,37.56695091900002],[126.98311863799995,37.56672504599999],[126.98310607300004,37.56616814199998],[126.98248727099997,37.56673901099998],[126.98259399300002,37.569026043],[126.98286712200002,37.568979297],[126.98321199400004,37.568909401999974],[126.98318094800004,37.56695091900002]]]},"properties":{"EMD_CD":"11140106","EMD_KOR_NM":"남대문로1가","EMD_ENG_NM":"Namdaemunno 1(il)-ga","ESRI_PK":134,"SHAPE_AREA":0.000002,"SHAPE_LEN":0.008179}},{"type":"Feature","geometry":{"type":"Polygon","coordinates":[[[127.01034867299995,37.56834880600002],[127.01084981400004,37.568034951000016],[127.01165899,37.566196338],[127.01007524700003,37.56448201400002],[127.00737780500003,37.56524304200002],[127.00911277600005,37.56767822099999],[127.01034867299995,37.56834880600002]]]},"properties":{"EMD_CD":"11140149","EMD_KOR_NM":"을지로7가","EMD_ENG_NM":"Euljiro 7(chil)-ga","ESRI_PK":173,"SHAPE_AREA":0.000009,"SHAPE_LEN":0.012995}},{"type":"Feature","geometry":{"type":"Polygon","coordinates":[[[126.96946320999996,37.56593545599998],[126.97024608900006,37.56530197699999],[126.97118681100005,37.565190590999975],[126.97166108500005,37.56393545399999],[126.97126264500002,37.562905801],[126.97315434500001,37.56065133300001],[126.97332206800002,37.560432768],[126.971362709,37.558715103],[126.97109384299995,37.55887986099998],[126.970897509,37.55936909299999],[126.96998846600002,37.562085045],[126.96950890000005,37.563245467],[126.96885688700002,37.56312593199999],[126.96878008099998,37.564296954999975],[126.96829603799995,37.565507923999974],[126.96946320999996,37.56593545599998]]]},"properties":{"EMD_CD":"11140168","EMD_KOR_NM":"순화동","EMD_ENG_NM":"Sunhwa-dong","ESRI_PK":179,"SHAPE_AREA":0.000015,"SHAPE_LEN":0.020418}},{"type":"Feature","geometry":{"type":"Polygon","coordinates":[[[126.97980213000005,37.56691819399998],[126.97922370399999,37.566925559000026],[126.97847486299997,37.56724220199999],[126.97791316899998,37.56921192200002],[126.97987920900005,37.569044814999984],[126.97980213000005,37.56691819399998]]]},"properties":{"EMD_CD":"11140101","EMD_KOR_NM":"무교동","EMD_ENG_NM":"Mugyo-dong","ESRI_PK":160,"SHAPE_AREA":0.000003,"SHAPE_LEN":0.008198}},{"type":"Feature","geometry":{"type":"Polygon","coordinates":[[[127.02338131199997,37.57191744099998],[127.02340767400005,37.571910409],[127.02358776999995,37.56579641600001],[127.023443284,37.565157613999986],[127.02051484399999,37.565674151999985],[127.01810931600005,37.56557057399999],[127.01770890700004,37.57016856400003],[127.01735378700005,37.57007875199997],[127.01904322300004,37.571015304000014],[127.02079279999998,37.571723994000024],[127.02222092700003,37.572024820000024],[127.02338131199997,37.57191744099998]]]},"properties":{"EMD_CD":"11140165","EMD_KOR_NM":"황학동","EMD_ENG_NM":"Hwanghak-dong","ESRI_PK":161,"SHAPE_AREA":0.000033,"SHAPE_LEN":0.024078}},{"type":"Feature","geometry":{"type":"Polygon","coordinates":[[[126.99057003300004,37.56117388500002],[126.99054156900002,37.56117923099998],[126.98825294200003,37.56115282799999],[126.98634422999999,37.560816547],[126.98561995,37.56055544600002],[126.985174261,37.56086102099999],[126.98492231800003,37.56201009099999],[126.98730127299996,37.562302133],[126.98841323299996,37.562065518],[126.98903809700005,37.56269634300003],[126.98930182699996,37.56292720800002],[126.99033510699996,37.56295563600003],[126.99057003300004,37.56117388500002]]]},"properties":{"EMD_CD":"11140125","EMD_KOR_NM":"충무로2가","EMD_ENG_NM":"Chungmuro 2(i)-ga","ESRI_PK":164,"SHAPE_AREA":0.000007,"SHAPE_LEN":0.016551}},{"type":"Feature","geometry":{"type":"Polygon","coordinates":[[[126.98655035800004,37.56495709799998],[126.98650684699999,37.564247851],[126.98399366399997,37.563642937],[126.98239286199998,37.563685942],[126.982697121,37.564405471999976],[126.98436599399997,37.56451416200002],[126.98655035800004,37.56495709799998]]]},"properties":{"EMD_CD":"11140126","EMD_KOR_NM":"명동1가","EMD_ENG_NM":"Myeong-dong 1(il)-ga","ESRI_PK":165,"SHAPE_AREA":0.000004,"SHAPE_LEN":0.010828}},{"type":"Feature","geometry":{"type":"Polygon","coordinates":[[[126.98648418000005,37.568263907000016],[126.98616597499995,37.568131144],[126.98410626999998,37.567515125],[126.98318094800004,37.56695091900002],[126.98321199400004,37.568909401999974],[126.98648418000005,37.568263907000016]]]},"properties":{"EMD_CD":"11140107","EMD_KOR_NM":"삼각동","EMD_ENG_NM":"Samgak-dong","ESRI_PK":141,"SHAPE_AREA":0.000003,"SHAPE_LEN":0.010115}},{"type":"Feature","geometry":{"type":"Polygon","coordinates":[[[126.97797144100002,37.55500847299999],[126.97723836399996,37.555272844],[126.97632618800003,37.55674100700003],[126.97560310699998,37.55947425300002],[126.976054858,37.55992207100002],[126.97785132299998,37.560324223],[126.97831781800005,37.56087369199997],[126.97939713899996,37.561125764999986],[126.97928106899997,37.559360029],[126.97841530699998,37.55841244499999],[126.97861064999995,37.557283573],[126.97974219499997,37.556366174],[126.97893009500001,37.55608681899997],[126.97797144100002,37.55500847299999]]]},"properties":{"EMD_CD":"11140112","EMD_KOR_NM":"남창동","EMD_ENG_NM":"Namchang-dong","ESRI_PK":142,"SHAPE_AREA":0.000014,"SHAPE_LEN":0.020483}},{"type":"Feature","geometry":{"type":"Polygon","coordinates":[[[126.99927828900002,37.56086521399999],[126.99844981800004,37.561068584],[126.99921691999998,37.562140236],[127.00121871800002,37.562863299000014],[127.00108133699996,37.561585997],[127.00240607299997,37.56147068000001],[127.00233955199997,37.56033905800001],[127.00126057499995,37.56003431300002],[126.99927828900002,37.56086521399999]]]},"properties":{"EMD_CD":"11140136","EMD_KOR_NM":"묵정동","EMD_ENG_NM":"Mukjeong-dong","ESRI_PK":130,"SHAPE_AREA":0.000006,"SHAPE_LEN":0.013284}},{"type":"Feature","geometry":{"type":"Polygon","coordinates":[[[127.01624717000004,37.565361301],[127.01546679499995,37.56309710199997],[127.01430313100002,37.563987838],[127.01419895499998,37.565130097],[127.01624717000004,37.565361301]]]},"properties":{"EMD_CD":"11140164","EMD_KOR_NM":"무학동","EMD_ENG_NM":"Muhak-dong","ESRI_PK":156,"SHAPE_AREA":0.000003,"SHAPE_LEN":0.008199}},{"type":"Feature","geometry":{"type":"Polygon","coordinates":[[[126.99456282799997,37.567000603999986],[126.99404567,37.567197882000016],[126.99089323500004,37.56736051399997],[126.99089555600005,37.56807508899999],[126.99090615900002,37.568203777],[126.99231888700001,37.56833612899999],[126.99460949000002,37.56851321099998],[126.99456282799997,37.567000603999986]]]},"properties":{"EMD_CD":"11140156","EMD_KOR_NM":"입정동","EMD_ENG_NM":"Ipjeong-dong","ESRI_PK":135,"SHAPE_AREA":0.000004,"SHAPE_LEN":0.011377}},{"type":"Feature","geometry":{"type":"Polygon","coordinates":[[[126.97482958399996,37.559645085],[126.972603746,37.558538435],[126.97171794799999,37.55738640200002],[126.97109384299995,37.55887986099998],[126.971362709,37.558715103],[126.97332206800002,37.560432768],[126.97482958399996,37.559645085]]]},"properties":{"EMD_CD":"11140119","EMD_KOR_NM":"봉래동1가","EMD_ENG_NM":"Bongnae-dong 1(il)-ga","ESRI_PK":143,"SHAPE_AREA":0.000004,"SHAPE_LEN":0.012202}},{"type":"Feature","geometry":{"type":"Polygon","coordinates":[[[126.98492231800003,37.56201009099999],[126.985174261,37.56086102099999],[126.98475071999997,37.56080448199998],[126.983410704,37.560703283],[126.98214978299995,37.56060434800003],[126.981258357,37.559956962],[126.98079985200002,37.56000111499998],[126.98041844399995,37.561273382000024],[126.98127349200001,37.56177315100001],[126.98153859700005,37.562061911],[126.98288031699997,37.56212717599999],[126.98318900799995,37.56143621299998],[126.98492231800003,37.56201009099999]]]},"properties":{"EMD_CD":"11140124","EMD_KOR_NM":"충무로1가","EMD_ENG_NM":"Chungmuro 1(il)-ga","ESRI_PK":145,"SHAPE_AREA":0.000006,"SHAPE_LEN":0.013856}},{"type":"Feature","geometry":{"type":"Polygon","coordinates":[[[126.97560310699998,37.55947425300002],[126.97632618800003,37.55674100700003],[126.97723836399996,37.555272844],[126.97797144100002,37.55500847299999],[126.98032044299998,37.554545804999975],[126.98096113999998,37.553850203000025],[126.98037021699997,37.55339320600001],[126.97874814399995,37.55320525000002],[126.97881143699999,37.55408810900002],[126.97656497399998,37.55522007000002],[126.976470382,37.55351790399999],[126.97436202200004,37.55355094700002],[126.97335432900002,37.55412585099998],[126.97346951199995,37.556284429000016],[126.97269284100003,37.556392453],[126.97171794799999,37.55738640200002],[126.972603746,37.558538435],[126.97482958399996,37.559645085],[126.97560310699998,37.55947425300002]]]},"properties":{"EMD_CD":"11140118","EMD_KOR_NM":"남대문로5가","EMD_ENG_NM":"Namdaemunno 5(o)-ga","ESRI_PK":124,"SHAPE_AREA":0.000023,"SHAPE_LEN":0.031458}},{"type":"Feature","geometry":{"type":"MultiPolygon","coordinates":[[[[127.00239759700003,37.56550721100001],[127.00240741699997,37.563140428999986],[127.00181911699997,37.56300937899999],[127.00173135499995,37.56409301999997],[126.99910255600003,37.563913851],[126.99911670999995,37.56563929700002],[126.99988259700001,37.565783056999976],[127.001586169,37.565877596],[127.00239759700003,37.56550721100001]]],[[[127.00298992700004,37.564884479],[127.00264219400003,37.565341697],[127.003218522,37.565300405000016],[127.00298992700004,37.564884479]]]]},"properties":{"EMD_CD":"11140154","EMD_KOR_NM":"오장동","EMD_ENG_NM":"Ojang-dong","ESRI_PK":128,"SHAPE_AREA":0.000007,"SHAPE_LEN":0.014693}},{"type":"Feature","geometry":{"type":"Polygon","coordinates":[[[126.99910255600003,37.563913851],[126.99916987400002,37.563108063000016],[126.99854681099998,37.56277430799997],[126.99690607000002,37.56308327199997],[126.99812204700004,37.564895165],[126.99779072900003,37.56565403799999],[126.99911670999995,37.56563929700002],[126.99910255600003,37.563913851]]]},"properties":{"EMD_CD":"11140135","EMD_KOR_NM":"예관동","EMD_ENG_NM":"Yegwan-dong","ESRI_PK":129,"SHAPE_AREA":0.000004,"SHAPE_LEN":0.013428}},{"type":"Feature","geometry":{"type":"Polygon","coordinates":[[[126.98735937699996,37.558847309999976],[126.98684068299997,37.55744264200001],[126.984973234,37.55719434600002],[126.98478233000003,37.55608387199999],[126.98440752299996,37.556703184000014],[126.98458954,37.557673485],[126.98449744100003,37.558403939000016],[126.98561995,37.56055544600002],[126.98634422999999,37.560816547],[126.98735937699996,37.558847309999976]]]},"properties":{"EMD_CD":"11140129","EMD_KOR_NM":"남산동2가","EMD_ENG_NM":"Namsan-dong 2(i)-ga","ESRI_PK":132,"SHAPE_AREA":0.000007,"SHAPE_LEN":0.018254}},{"type":"Feature","geometry":{"type":"Polygon","coordinates":[[[126.98842834899995,37.560261578999985],[126.98807129900001,37.55937835399999],[126.98735937699996,37.558847309999976],[126.98634422999999,37.560816547],[126.98825294200003,37.56115282799999],[126.98842834899995,37.560261578999985]]]},"properties":{"EMD_CD":"11140130","EMD_KOR_NM":"남산동3가","EMD_ENG_NM":"Namsan-dong 3(sam)-ga","ESRI_PK":149,"SHAPE_AREA":0.000003,"SHAPE_LEN":0.007933}},{"type":"Feature","geometry":{"type":"Polygon","coordinates":[[[126.98862745300005,37.56526650699999],[126.98879780000004,37.563343524],[126.98930182699996,37.56292720800002],[126.98903809700005,37.56269634300003],[126.98838162000004,37.563459911999985],[126.98704440100005,37.56433858299999],[126.98650684699999,37.564247851],[126.98655035800004,37.56495709799998],[126.986884014,37.565370804],[126.98862745300005,37.56526650699999]]]},"properties":{"EMD_CD":"11140131","EMD_KOR_NM":"저동1가","EMD_ENG_NM":"Jeo-dong 1(il)-ga","ESRI_PK":150,"SHAPE_AREA":0.000004,"SHAPE_LEN":0.011835}},{"type":"Feature","geometry":{"type":"Polygon","coordinates":[[[127.00737780500003,37.56524304200002],[127.006702163,37.56398890899999],[127.00542998100002,37.56391920200002],[127.00393709299999,37.56484413700002],[127.00298992700004,37.564884479],[127.003218522,37.565300405000016],[127.00381090500002,37.56615641899998],[127.00437224100006,37.565712077],[127.00576697199995,37.56545051699999],[127.00671442600003,37.565773067],[127.00737780500003,37.56524304200002]]]},"properties":{"EMD_CD":"11140145","EMD_KOR_NM":"광희동1가","EMD_ENG_NM":"Gwanghui-dong 1(il)-ga","ESRI_PK":151,"SHAPE_AREA":0.000006,"SHAPE_LEN":0.012364}},{"type":"Feature","geometry":{"type":"Polygon","coordinates":[[[127.01007524700003,37.56448201400002],[127.00973192499998,37.56300610300002],[127.00780404700004,37.562645429999975],[127.00716206899995,37.563907357],[127.00664068900005,37.56378358799998],[127.006702163,37.56398890899999],[127.00737780500003,37.56524304200002],[127.01007524700003,37.56448201400002]]]},"properties":{"EMD_CD":"11140146","EMD_KOR_NM":"광희동2가","EMD_ENG_NM":"Gwanghui-dong 2(i)-ga","ESRI_PK":152,"SHAPE_AREA":0.000006,"SHAPE_LEN":0.011442}},{"type":"Feature","geometry":{"type":"Polygon","coordinates":[[[127.00973192499998,37.56300610300002],[127.00927048799997,37.560878478],[127.00981051899998,37.560312407000026],[127.00856881100003,37.559114713999975],[127.00828661399999,37.55818106700002],[127.00543279700003,37.55977500900002],[127.00549680999995,37.560822938],[127.00626385400005,37.56201664299999],[127.00630135100005,37.563392857],[127.00664068900005,37.56378358799998],[127.00716206899995,37.563907357],[127.00780404700004,37.562645429999975],[127.00973192499998,37.56300610300002]]]},"properties":{"EMD_CD":"11140143","EMD_KOR_NM":"장충동1가","EMD_ENG_NM":"Jangchung-dong 1(il)-ga","ESRI_PK":155,"SHAPE_AREA":0.000015,"SHAPE_LEN":0.019184}},{"type":"Feature","geometry":{"type":"Polygon","coordinates":[[[126.99456282799997,37.567000603999986],[126.99510690800003,37.56674939200002],[126.99480090500003,37.56609286299999],[126.994012709,37.565937345],[126.99279671900001,37.565163058999985],[126.99100349599996,37.56537743000001],[126.98982784700002,37.565514678],[126.98970004800003,37.56676739699998],[126.99087138799996,37.566828009],[126.99089555600005,37.56807508899999],[126.99089323500004,37.56736051399997],[126.99404567,37.567197882000016],[126.99456282799997,37.567000603999986]]]},"properties":{"EMD_CD":"11140155","EMD_KOR_NM":"을지로3가","EMD_ENG_NM":"Euljiro 3(sam)-ga","ESRI_PK":168,"SHAPE_AREA":0.000008,"SHAPE_LEN":0.0188}},{"type":"Feature","geometry":{"type":"Polygon","coordinates":[[[126.97869067299996,37.565463807000015],[126.97774823400005,37.563794617999974],[126.97692133500004,37.56180044299998],[126.97601816300005,37.56079973599998],[126.97428198700004,37.56091680499998],[126.97471753900004,37.56250583799999],[126.97580792899998,37.56281256099999],[126.976131473,37.564903499000025],[126.97727511799997,37.564735858],[126.97765074799997,37.56580075699998],[126.97803330099998,37.56564639099997],[126.97869067299996,37.565463807000015]]]},"properties":{"EMD_CD":"11140114","EMD_KOR_NM":"태평로2가","EMD_ENG_NM":"Taepyeongno 2(i)-ga","ESRI_PK":171,"SHAPE_AREA":0.000008,"SHAPE_LEN":0.017956}},{"type":"Feature","geometry":{"type":"Polygon","coordinates":[[[126.98475071999997,37.56080448199998],[126.98459595099996,37.559683092],[126.98383049400002,37.559313581000026],[126.983410704,37.560703283],[126.98475071999997,37.56080448199998]]]},"properties":{"EMD_CD":"11140123","EMD_KOR_NM":"회현동3가","EMD_ENG_NM":"Hoehyeon-dong 3(sam)-ga","ESRI_PK":182,"SHAPE_AREA":0.000001,"SHAPE_LEN":0.005116}},{"type":"Feature","geometry":{"type":"Polygon","coordinates":[[[126.97692133500004,37.56180044299998],[126.97761029000003,37.56116153300002],[126.97785132299998,37.560324223],[126.976054858,37.55992207100002],[126.97560310699998,37.55947425300002],[126.97482958399996,37.559645085],[126.97332206800002,37.560432768],[126.97315434500001,37.56065133300001],[126.97428198700004,37.56091680499998],[126.97601816300005,37.56079973599998],[126.97692133500004,37.56180044299998]]]},"properties":{"EMD_CD":"11140117","EMD_KOR_NM":"남대문로4가","EMD_ENG_NM":"Namdaemunno 4(sa)-ga","ESRI_PK":203,"SHAPE_AREA":0.000005,"SHAPE_LEN":0.013304}},{"type":"Feature","geometry":{"type":"Polygon","coordinates":[[[127.00626385400005,37.56201664299999],[127.00549680999995,37.560822938],[127.00543279700003,37.55977500900002],[127.00828661399999,37.55818106700002],[127.00820437699997,37.556994927],[127.00718564600004,37.55639506699998],[127.00446813600001,37.553681927000014],[127.00457641100002,37.55303278299999],[127.00404723500003,37.551582875],[127.00467087599998,37.550513103000014],[127.00433800400003,37.550214794],[127.00286871699996,37.54964536599999],[127.00169288699999,37.550063798999986],[126.998342321,37.549699476],[126.99676495100005,37.54852495],[126.996372027,37.547452287],[126.99523639999995,37.54723586599999],[126.99447533099999,37.547491450999985],[126.99402550299999,37.548413455],[126.99335298200003,37.548859198],[126.99314556000002,37.54908673199998],[126.99238217899995,37.550065593],[126.99297220300002,37.55040334],[126.99386024199998,37.551640475],[126.99494897500006,37.55266929499999],[126.99500628099997,37.55366776599999],[126.99556948099996,37.555037889],[126.99630710400004,37.556923557],[126.99724259200002,37.557624686],[126.99718365700005,37.558518847000016],[126.99804018400005,37.55864299000001],[126.998547013,37.560262905],[126.99927828900002,37.56086521399999],[127.00126057499995,37.56003431300002],[127.00233955199997,37.56033905800001],[127.00240607299997,37.56147068000001],[127.00108133699996,37.561585997],[127.00121871800002,37.562863299000014],[127.00181911699997,37.56300937899999],[127.00240741699997,37.563140428999986],[127.002515259,37.56243861799999],[127.00482236799996,37.56253173499999],[127.00626385400005,37.56201664299999]]]},"properties":{"EMD_CD":"11140144","EMD_KOR_NM":"장충동2가","EMD_ENG_NM":"Jangchung-dong 2(i)-ga","ESRI_PK":191,"SHAPE_AREA":0.000122,"SHAPE_LEN":0.074135}},{"type":"Feature","geometry":{"type":"Polygon","coordinates":[[[127.021651884,37.477013005],[127.022760823,37.47634175600001],[127.02428604199997,37.47598045],[127.02486117499996,37.47544193099998],[127.026931353,37.47479732599999],[127.030317566,37.473353213999985],[127.03204482800004,37.47149886300002],[127.03093513700003,37.47041569100003],[127.02898325700005,37.46772711900002],[127.02994402700006,37.46535685700002],[127.02933072600001,37.46270655],[127.02805724300003,37.46125024600002],[127.02837573700003,37.45989861800001],[127.02658642100005,37.45964651100002],[127.02645936099998,37.458341077],[127.02529273799996,37.457498327],[127.02280887500001,37.457254869],[127.02152010299994,37.456229913000016],[127.01970823500005,37.45579098899998],[127.01756149699997,37.45613975200001],[127.01630291799995,37.455234355000016],[127.01452250800003,37.45486602300002],[127.01238682400003,37.45555313400001],[127.01083608299996,37.45542759900002],[127.01066817699996,37.456042490000016],[127.00854405799998,37.45805628699998],[127.00822678600002,37.459104508],[127.00705377999998,37.460220048999986],[127.00578293399997,37.46255271299998],[127.00448335700003,37.464077616],[127.00492006499996,37.46584683899999],[127.00453941399996,37.46680180200002],[127.00369035899996,37.467724444],[127.00450417900004,37.469267344],[127.00556112899994,37.47023008000002],[127.00819170900002,37.47141125000002],[127.00898085699998,37.47115674999998],[127.010126775,37.47255034699998],[127.012125878,37.473207559],[127.01395334999995,37.47323276499998],[127.01490377200003,37.47390668899999],[127.01539416000003,37.47493822199999],[127.01640751299999,37.47530294400002],[127.01655176899999,37.47605989800002],[127.019731482,37.477032882],[127.02108594699996,37.477289559999974],[127.021651884,37.477013005]]]},"properties":{"EMD_CD":"11650103","EMD_KOR_NM":"우면동","EMD_ENG_NM":"Umyeon-dong","ESRI_PK":267,"SHAPE_AREA":0.000422,"SHAPE_LEN":0.085557}},{"type":"Feature","geometry":{"type":"Polygon","coordinates":[[[126.982697121,37.564405471999976],[126.98239286199998,37.563685942],[126.98153859700005,37.562061911],[126.98127349200001,37.56177315100001],[126.98095220599998,37.562234347000015],[126.98223051800005,37.56488540700002],[126.98249472700002,37.565947429],[126.98309785200001,37.56594451400002],[126.982697121,37.564405471999976]]]},"properties":{"EMD_CD":"11140115","EMD_KOR_NM":"남대문로2가","EMD_ENG_NM":"Namdaemunno 2(i)-ga","ESRI_PK":183,"SHAPE_AREA":0.000003,"SHAPE_LEN":0.010098}},{"type":"Feature","geometry":{"type":"Polygon","coordinates":[[[127.00061351399995,37.56717646200002],[126.99988259700001,37.565783056999976],[126.99911670999995,37.56563929700002],[126.99779072900003,37.56565403799999],[126.99604992399998,37.56576137299999],[126.99480090500003,37.56609286299999],[126.99510690800003,37.56674939200002],[126.99783963000004,37.567216426000016],[127.00061351399995,37.56717646200002]]]},"properties":{"EMD_CD":"11140150","EMD_KOR_NM":"을지로4가","EMD_ENG_NM":"Euljiro 4(sa)-ga","ESRI_PK":188,"SHAPE_AREA":0.000007,"SHAPE_LEN":0.013798}},{"type":"Feature","geometry":{"type":"Polygon","coordinates":[[[126.96829603799995,37.565507923999974],[126.96878008099998,37.564296954999975],[126.96885688700002,37.56312593199999],[126.96950890000005,37.563245467],[126.96998846600002,37.562085045],[126.96812941400003,37.56153300099999],[126.96809575199995,37.56165499399998],[126.96809947600002,37.56165583400002],[126.96948235399998,37.56197813599999],[126.96897673399997,37.56291801399999],[126.96699640999998,37.565515319999975],[126.96699517399998,37.56551672400002],[126.96829603799995,37.565507923999974]]]},"properties":{"EMD_CD":"11140169","EMD_KOR_NM":"의주로1가","EMD_ENG_NM":"Uijuro 1(il)-ga","ESRI_PK":189,"SHAPE_AREA":0.000003,"SHAPE_LEN":0.014227}},{"type":"Feature","geometry":{"type":"Polygon","coordinates":[[[127.01034867299995,37.56834880600002],[127.00911277600005,37.56767822099999],[127.00737780500003,37.56524304200002],[127.00671442600003,37.565773067],[127.00576697199995,37.56545051699999],[127.00437224100006,37.565712077],[127.00381090500002,37.56615641899998],[127.00447824800005,37.56810921099998],[127.00537107599996,37.569612587999984],[127.00692401499998,37.56964658800001],[127.00985310099998,37.569767042000024],[127.01034867299995,37.56834880600002]]]},"properties":{"EMD_CD":"11140148","EMD_KOR_NM":"을지로6가","EMD_ENG_NM":"Euljiro 6(yuk)-ga","ESRI_PK":172,"SHAPE_AREA":0.000019,"SHAPE_LEN":0.019403}},{"type":"Feature","geometry":{"type":"Polygon","coordinates":[[[126.98259399300002,37.569026043],[126.98248727099997,37.56673901099998],[126.97980213000005,37.56691819399998],[126.97987920900005,37.569044814999984],[126.98259399300002,37.569026043]]]},"properties":{"EMD_CD":"11140102","EMD_KOR_NM":"다동","EMD_ENG_NM":"Da-dong","ESRI_PK":176,"SHAPE_AREA":0.000006,"SHAPE_LEN":0.009885}},{"type":"Feature","geometry":{"type":"Polygon","coordinates":[[[126.970897509,37.55936909299999],[126.96950089799998,37.559245928999985],[126.96955067800002,37.56030063700001],[126.96843085700004,37.56074703199999],[126.96812941400003,37.56153300099999],[126.96998846600002,37.562085045],[126.970897509,37.55936909299999]]]},"properties":{"EMD_CD":"11140172","EMD_KOR_NM":"의주로2가","EMD_ENG_NM":"Uijuro 2(i)-ga","ESRI_PK":233,"SHAPE_AREA":0.000004,"SHAPE_LEN":0.009916}},{"type":"Feature","geometry":{"type":"Polygon","coordinates":[[[126.99746248600002,37.561826187],[126.99736298100004,37.56153881],[126.996751916,37.560844508],[126.99686870000005,37.560110251000026],[126.99591292800005,37.559690112],[126.99620625900002,37.559100168999976],[126.995832081,37.55731892099999],[126.995481713,37.556747058999974],[126.99556948099996,37.555037889],[126.99500628099997,37.55366776599999],[126.99478666200002,37.556109042],[126.99357373999999,37.55602322300001],[126.992927109,37.55717190299998],[126.992963702,37.55926379599998],[126.99248875700005,37.560045016],[126.99328388100002,37.56016614700002],[126.99318530599999,37.56096075],[126.99362531300005,37.56188553700002],[126.99597560300003,37.56116393100001],[126.99641991700003,37.561862803],[126.99746248600002,37.561826187]]]},"properties":{"EMD_CD":"11140138","EMD_KOR_NM":"필동2가","EMD_ENG_NM":"Pildong 2(i)-ga","ESRI_PK":187,"SHAPE_AREA":0.000019,"SHAPE_LEN":0.029066}},{"type":"Feature","geometry":{"type":"Polygon","coordinates":[[[126.97765074799997,37.56580075699998],[126.97727511799997,37.564735858],[126.976131473,37.564903499000025],[126.97427697499995,37.564790023],[126.97281820499995,37.564977865],[126.97296521299995,37.56336641199999],[126.97126264500002,37.562905801],[126.97166108500005,37.56393545399999],[126.97118681100005,37.565190590999975],[126.97024608900006,37.56530197699999],[126.96946320999996,37.56593545599998],[126.96896225700004,37.56763852],[126.96929481100005,37.56813653099999],[126.97106417099997,37.568786338999985],[126.97256951199995,37.568476987],[126.973221824,37.56932127599998],[126.97567836099995,37.569384759],[126.97570875999997,37.567710850000026],[126.97718996699996,37.56668497800001],[126.97765074799997,37.56580075699998]]]},"properties":{"EMD_CD":"11140167","EMD_KOR_NM":"정동","EMD_ENG_NM":"Jeong-dong","ESRI_PK":239,"SHAPE_AREA":0.000031,"SHAPE_LEN":0.029616}},{"type":"Feature","geometry":{"type":"Polygon","coordinates":[[[126.99854681099998,37.56277430799997],[126.99746248600002,37.561826187],[126.99641991700003,37.561862803],[126.99597560300003,37.56116393100001],[126.99362531300005,37.56188553700002],[126.99360286900003,37.56213634],[126.99354683199999,37.56308155800002],[126.99435533400003,37.563036408000016],[126.995581894,37.56252500699998],[126.99690607000002,37.56308327199997],[126.99854681099998,37.56277430799997]]]},"properties":{"EMD_CD":"11140132","EMD_KOR_NM":"충무로4가","EMD_ENG_NM":"Chungmuro 4(sa)-ga","ESRI_PK":245,"SHAPE_AREA":0.000006,"SHAPE_LEN":0.016124}},{"type":"Feature","geometry":{"type":"Polygon","coordinates":[[[126.99248875700005,37.560045016],[126.992963702,37.55926379599998],[126.992927109,37.55717190299998],[126.99357373999999,37.55602322300001],[126.99478666200002,37.556109042],[126.99500628099997,37.55366776599999],[126.99494897500006,37.55266929499999],[126.99386024199998,37.551640475],[126.99297220300002,37.55040334],[126.99238217899995,37.550065593],[126.99072224600002,37.551121825999985],[126.98867129899998,37.551556687000016],[126.98774090400002,37.55145547],[126.986125474,37.553343599000016],[126.98542955599999,37.55370504199999],[126.98478233000003,37.55608387199999],[126.984973234,37.55719434600002],[126.98684068299997,37.55744264200001],[126.98735937699996,37.558847309999976],[126.98807129900001,37.55937835399999],[126.98842834899995,37.560261578999985],[126.99017803699996,37.559941385],[126.99121288200001,37.56029307199998],[126.99248875700005,37.560045016]]]},"properties":{"EMD_CD":"11140142","EMD_KOR_NM":"예장동","EMD_ENG_NM":"Yejang-dong","ESRI_PK":248,"SHAPE_AREA":0.000069,"SHAPE_LEN":0.04225}},{"type":"Feature","geometry":{"type":"Polygon","coordinates":[[[126.98095220599998,37.562234347000015],[126.98127349200001,37.56177315100001],[126.98041844399995,37.561273382000024],[126.97939713899996,37.561125764999986],[126.97831781800005,37.56087369199997],[126.97785132299998,37.560324223],[126.97761029000003,37.56116153300002],[126.97915079500001,37.561537944],[126.97961771200005,37.56295665599998],[126.98095220599998,37.562234347000015]]]},"properties":{"EMD_CD":"11140116","EMD_KOR_NM":"남대문로3가","EMD_ENG_NM":"Namdaemunno 3(sam)-ga","ESRI_PK":184,"SHAPE_AREA":0.000003,"SHAPE_LEN":0.010947}},{"type":"Feature","geometry":{"type":"Polygon","coordinates":[[[126.96929481100005,37.56813653099999],[126.96896225700004,37.56763852],[126.96946320999996,37.56593545599998],[126.96829603799995,37.565507923999974],[126.96699517399998,37.56551672400002],[126.96671421400004,37.56582271000002],[126.96911916800002,37.56825034899998],[126.96929481100005,37.56813653099999]]]},"properties":{"EMD_CD":"11140170","EMD_KOR_NM":"충정로1가","EMD_ENG_NM":"Chungjeongno 1(il)-ga","ESRI_PK":193,"SHAPE_AREA":0.000003,"SHAPE_LEN":0.00956}},{"type":"Feature","geometry":{"type":"Polygon","coordinates":[[[126.97980213000005,37.56691819399998],[126.98248727099997,37.56673901099998],[126.98310607300004,37.56616814199998],[126.98309785200001,37.56594451400002],[126.98249472700002,37.565947429],[126.98223051800005,37.56488540700002],[126.98099825199995,37.56528281300001],[126.97925783000005,37.565075696],[126.97869067299996,37.565463807000015],[126.97803330099998,37.56564639099997],[126.97922370399999,37.566925559000026],[126.97980213000005,37.56691819399998]]]},"properties":{"EMD_CD":"11140104","EMD_KOR_NM":"을지로1가","EMD_ENG_NM":"Euljiro 1(il)-ga","ESRI_PK":240,"SHAPE_AREA":0.000007,"SHAPE_LEN":0.013559}},{"type":"Feature","geometry":{"type":"Polygon","coordinates":[[[127.04779950399995,37.46054567300001],[127.047905905,37.45988458300002],[127.04843147199995,37.45906498900001],[127.048495935,37.458997985999986],[127.048733632,37.45856885500001],[127.049180331,37.45818725999999],[127.04943206899998,37.45805235900002],[127.049891204,37.45768091799999],[127.05029353099997,37.45705391199999],[127.05085934299996,37.457277041],[127.051084113,37.457282925000015],[127.05186844399998,37.457425581999985],[127.05379534300005,37.457633396],[127.05425218000005,37.457349221000015],[127.05485028500004,37.45709290799999],[127.05499166899995,37.457000531],[127.05503562700005,37.456971521000014],[127.05548708000003,37.456817899999976],[127.05568262400004,37.45679440700002],[127.05670149900004,37.456715256999985],[127.05675746500003,37.45671503400001],[127.05690259100004,37.456540861],[127.05689467000002,37.456404835],[127.05694059200005,37.456400925000025],[127.05718603499997,37.456517437],[127.0574011,37.45663080999998],[127.05745938799998,37.456653856],[127.05782023300003,37.456761735999976],[127.05784918799998,37.456764815999975],[127.05798550300005,37.45676246599999],[127.05836400400005,37.456873432],[127.05844436899997,37.45689027100002],[127.05891320499995,37.45611046499999],[127.05877952599997,37.45543724999999],[127.05957374299999,37.455125512999984],[127.05951061600001,37.454050402],[127.05881338300003,37.453076285],[127.05916680899998,37.45259116099999],[127.06190615499997,37.45109396599997],[127.06221743699996,37.449763819],[127.06405285899996,37.44796262900002],[127.064150585,37.447878124],[127.06576656000004,37.44645154400001],[127.06770081599996,37.446648004999986],[127.06940161800003,37.44603378300002],[127.071217133,37.444373625000026],[127.072108566,37.44288617699999],[127.07215198300003,37.44227340600003],[127.07163946499998,37.441534323999974],[127.07222428600005,37.43939266000001],[127.07202035099999,37.43886650600001],[127.07377263199999,37.437799101],[127.07303654299994,37.43641643799998],[127.07145178799999,37.43587310999999],[127.071531929,37.434126424],[127.07074330700004,37.432950542000015],[127.070640981,37.432054365],[127.07121871000004,37.430827679],[127.07004381000002,37.43092036899998],[127.06897529699995,37.430442298],[127.06828150800004,37.430689109000014],[127.06673287599995,37.43013986099999],[127.06569412299996,37.42899537400001],[127.06439813700001,37.429123586],[127.06332888700001,37.429761353],[127.06115775199999,37.429994996],[127.06197041899998,37.43108700099998],[127.06201954100004,37.43301943],[127.06350862800002,37.433916044],[127.06337288300006,37.43446038299999],[127.06398274799994,37.43577446299997],[127.06354447599995,37.437908704999984],[127.06271574599998,37.43897507299999],[127.06060277699999,37.440771031],[127.06005206299994,37.44096713099998],[127.05861672799995,37.44300039500001],[127.058393163,37.44431933499999],[127.05710448900004,37.44563433899998],[127.05672752299995,37.446475071],[127.056004691,37.446662651],[127.05530563299999,37.44756378599999],[127.05350969599999,37.449167622],[127.05291573700003,37.450355479999985],[127.05097924699999,37.45195286500001],[127.05053883000005,37.45283332299999],[127.050711675,37.45375954799999],[127.04960325299999,37.45577264399998],[127.04683658600004,37.45826136599999],[127.04601301900004,37.459629345999986],[127.045448899,37.46130537499999],[127.04638587399995,37.46117854099998],[127.04779950399995,37.46054567300001]]]},"properties":{"EMD_CD":"11650111","EMD_KOR_NM":"신원동","EMD_ENG_NM":"Sinwon-dong","ESRI_PK":264,"SHAPE_AREA":0.000278,"SHAPE_LEN":0.108484}},{"type":"Feature","geometry":{"type":"Polygon","coordinates":[[[127.04402181600005,37.479945714],[127.04505713499998,37.47732183199997],[127.05084195200004,37.471641508],[127.04868602900001,37.47006535999998],[127.04887602500003,37.469898645],[127.04302994399995,37.465661097],[127.04492885900004,37.463904223999975],[127.04539226199995,37.463535568],[127.04616535699995,37.463053195999976],[127.046441588,37.46291302700001],[127.04665044,37.462817035],[127.046698321,37.46274947799998],[127.04719641500003,37.462394254],[127.04722521899998,37.46230362699998],[127.04730315200004,37.462058214000024],[127.04731003999996,37.462036265999984],[127.04769499899999,37.4613756],[127.04776916799995,37.461248054],[127.04790980799999,37.46092381099999],[127.04797495599996,37.46069321700003],[127.04779950399995,37.46054567300001],[127.04638587399995,37.46117854099998],[127.045448899,37.46130537499999],[127.04424598699995,37.46163474999997],[127.04213425900002,37.461536396999975],[127.04068039499998,37.460194211999976],[127.03926148300002,37.45824359],[127.03914110999995,37.457035066],[127.03824645999998,37.45597593799999],[127.03873474600005,37.45441940799998],[127.03722470800005,37.453500099999985],[127.03680602899999,37.452583328],[127.03709954099998,37.45190662700003],[127.03642441099998,37.451503016],[127.03579206300003,37.452201682],[127.03477066100004,37.452622986999984],[127.03714478699999,37.45521278799998],[127.03675713500002,37.45644861599999],[127.03503165799998,37.45789780299998],[127.03494060599996,37.46018196900002],[127.03402817699998,37.46030634300001],[127.033746501,37.461242513],[127.03471186900003,37.46416056200002],[127.03315839200002,37.465024090999975],[127.03121260499995,37.46563217200003],[127.02994402700006,37.46535685700002],[127.02898325700005,37.46772711900002],[127.03093513700003,37.47041569100003],[127.03204482800004,37.47149886300002],[127.030317566,37.473353213999985],[127.026931353,37.47479732599999],[127.02486117499996,37.47544193099998],[127.02428604199997,37.47598045],[127.022760823,37.47634175600001],[127.021651884,37.477013005],[127.02260812099996,37.478397402999974],[127.02281217200004,37.479145698000025],[127.02403210299997,37.47987484599997],[127.02439775200003,37.480619558],[127.02559240599999,37.48087384199999],[127.02651506400002,37.48050702900002],[127.02856856599999,37.48108649],[127.03043664999996,37.480306348],[127.03255407300003,37.481017467000015],[127.03432275099999,37.48221625000002],[127.03440818199999,37.482718670999986],[127.03366886699996,37.484152155],[127.03410511200002,37.484373084000026],[127.04176726900005,37.485440858],[127.04162613799997,37.48524609899999],[127.04402181600005,37.479945714]]]},"properties":{"EMD_CD":"11650102","EMD_KOR_NM":"양재동","EMD_ENG_NM":"Yangjae-dong","ESRI_PK":266,"SHAPE_AREA":0.000413,"SHAPE_LEN":0.124143}},{"type":"Feature","geometry":{"type":"Polygon","coordinates":[[[127.00031181999998,37.49181997699998],[126.99986989700005,37.49157045599998],[126.99984197100002,37.490185048],[127.00050489399996,37.489726796000014],[127.00043149800001,37.48854455100002],[127.00138230699997,37.48684173100003],[127.00025863200005,37.48563877599997],[127.000875888,37.484388594],[127.00082437200001,37.483568365999986],[127.00175691499999,37.48312876699998],[127.00224588100002,37.482313679000015],[127.00448369799994,37.48274483],[127.007056336,37.47742345],[127.00824698999998,37.476081470999986],[127.010126775,37.47255034699998],[127.00898085699998,37.47115674999998],[127.00819170900002,37.47141125000002],[127.00556112899994,37.47023008000002],[127.00450417900004,37.469267344],[127.00369035899996,37.467724444],[127.00274926300006,37.467128762000016],[127.00150003600004,37.46732725099997],[127.00049108500002,37.467067093000026],[126.99879405800004,37.46723823899998],[126.99676674299997,37.467076564000024],[126.996245907,37.46661254999998],[126.99663361800003,37.46478279199999],[126.997384828,37.463691826],[126.996782413,37.461877791],[126.99430403899999,37.46142576099999],[126.993368691,37.46150029400002],[126.99266931199998,37.46034838899999],[126.99171279500001,37.460523427],[126.99000889599995,37.45946740900001],[126.98951335499999,37.45852724600002],[126.98865006599999,37.45817040899999],[126.987709526,37.45963127099998],[126.98753916199996,37.460673848],[126.98835488099996,37.46400365400001],[126.98795134700003,37.46593757900001],[126.98728621600003,37.46762352600001],[126.98533736299999,37.46925772899999],[126.98320653799999,37.47161977600001],[126.98217250599998,37.473727688],[126.981705294,37.47653534300002],[126.98169696100001,37.47717665699997],[126.98233272300001,37.48854328099998],[126.98263963399995,37.49008139799997],[126.98279605000005,37.49265505699998],[126.98294082100006,37.496998254],[126.98540105999996,37.499865699],[126.98641226200004,37.498911985],[126.98730918399997,37.498619882000014],[126.98875908800005,37.498846394],[126.98949023099999,37.497997118],[126.99060460600003,37.497973451],[126.99143771299998,37.49724053599999],[126.99283371599995,37.496774448999986],[126.99342188499998,37.49605165299999],[126.99477388000003,37.495860993],[126.99565098100004,37.49410128300002],[126.99674187300002,37.49416792300002],[126.99842226299995,37.49341993799999],[126.99982749399999,37.49304542300001],[127.00031181999998,37.49181997699998]]]},"properties":{"EMD_CD":"11650101","EMD_KOR_NM":"방배동","EMD_ENG_NM":"Bangbae-dong","ESRI_PK":306,"SHAPE_AREA":0.000681,"SHAPE_LEN":0.123746}},{"type":"Feature","geometry":{"type":"Polygon","coordinates":[[[127.06115775199999,37.429994996],[127.05997391799997,37.429578751],[127.05808265400003,37.430020472000024],[127.05369651900003,37.428984660000026],[127.05218338899999,37.42834757000003],[127.05137122400004,37.42920831399999],[127.04959235199999,37.430279794],[127.047381976,37.43071133900003],[127.04723810400003,37.432049560999985],[127.04654996299996,37.432659699],[127.04632535799999,37.43345562899998],[127.04496506600003,37.43385551799997],[127.044199833,37.435063092],[127.04266065800005,37.436379295999984],[127.04145750600003,37.43711622],[127.04110507200005,37.43777541700001],[127.04006758800006,37.438243274],[127.03708267800005,37.43828114399997],[127.03558860400005,37.43901011600002],[127.03518600799998,37.440947884000025],[127.036444684,37.44183865799999],[127.03749597800004,37.443272594],[127.038243717,37.44518611900003],[127.03821925199998,37.44586468599999],[127.03726765,37.44645425300001],[127.037545508,37.44736701300002],[127.03717336600005,37.44801560799999],[127.037758865,37.44942435899998],[127.03642441099998,37.451503016],[127.03709954099998,37.45190662700003],[127.03680602899999,37.452583328],[127.03722470800005,37.453500099999985],[127.03873474600005,37.45441940799998],[127.03824645999998,37.45597593799999],[127.03914110999995,37.457035066],[127.03926148300002,37.45824359],[127.04068039499998,37.460194211999976],[127.04213425900002,37.461536396999975],[127.04424598699995,37.46163474999997],[127.045448899,37.46130537499999],[127.04601301900004,37.459629345999986],[127.04683658600004,37.45826136599999],[127.04960325299999,37.45577264399998],[127.050711675,37.45375954799999],[127.05053883000005,37.45283332299999],[127.05097924699999,37.45195286500001],[127.05291573700003,37.450355479999985],[127.05350969599999,37.449167622],[127.05530563299999,37.44756378599999],[127.056004691,37.446662651],[127.05672752299995,37.446475071],[127.05710448900004,37.44563433899998],[127.058393163,37.44431933499999],[127.05861672799995,37.44300039500001],[127.06005206299994,37.44096713099998],[127.06060277699999,37.440771031],[127.06271574599998,37.43897507299999],[127.06354447599995,37.437908704999984],[127.06398274799994,37.43577446299997],[127.06337288300006,37.43446038299999],[127.06350862800002,37.433916044],[127.06201954100004,37.43301943],[127.06197041899998,37.43108700099998],[127.06115775199999,37.429994996]]]},"properties":{"EMD_CD":"11650104","EMD_KOR_NM":"원지동","EMD_ENG_NM":"Wonji-dong","ESRI_PK":301,"SHAPE_AREA":0.000522,"SHAPE_LEN":0.104542}},{"type":"Feature","geometry":{"type":"Polygon","coordinates":[[[126.96924370800002,37.556837116],[126.96920204100002,37.555664497],[126.96663324400004,37.55442981599998],[126.96650181099994,37.555764709000016],[126.96475302099998,37.556674164000015],[126.965994852,37.557315174],[126.96924370800002,37.556837116]]]},"properties":{"EMD_CD":"11140173","EMD_KOR_NM":"만리동1가","EMD_ENG_NM":"Malli-dong 1(il)-ga","ESRI_PK":194,"SHAPE_AREA":0.000007,"SHAPE_LEN":0.013403}},{"type":"Feature","geometry":{"type":"Polygon","coordinates":[[[127.00298992700004,37.564884479],[127.00393709299999,37.56484413700002],[127.00542998100002,37.56391920200002],[127.006702163,37.56398890899999],[127.00664068900005,37.56378358799998],[127.00630135100005,37.563392857],[127.00626385400005,37.56201664299999],[127.00482236799996,37.56253173499999],[127.002515259,37.56243861799999],[127.00240741699997,37.563140428999986],[127.00239759700003,37.56550721100001],[127.00264219400003,37.565341697],[127.00298992700004,37.564884479]]]},"properties":{"EMD_CD":"11140147","EMD_KOR_NM":"쌍림동","EMD_ENG_NM":"Ssangnim-dong","ESRI_PK":195,"SHAPE_AREA":0.000008,"SHAPE_LEN":0.016441}},{"type":"Feature","geometry":{"type":"Polygon","coordinates":[[[126.98569927599999,37.566996184],[126.98841699000002,37.56672894600001],[126.98970004800003,37.56676739699998],[126.98982784700002,37.565514678],[126.98862745300005,37.56526650699999],[126.986884014,37.565370804],[126.98655035800004,37.56495709799998],[126.98436599399997,37.56451416200002],[126.982697121,37.564405471999976],[126.98309785200001,37.56594451400002],[126.98310607300004,37.56616814199998],[126.98311863799995,37.56672504599999],[126.98445853400005,37.567026183],[126.98569927599999,37.566996184]]]},"properties":{"EMD_CD":"11140105","EMD_KOR_NM":"을지로2가","EMD_ENG_NM":"Euljiro 2(i)-ga","ESRI_PK":197,"SHAPE_AREA":0.000011,"SHAPE_LEN":0.021418}},{"type":"Feature","geometry":{"type":"Polygon","coordinates":[[[126.99435533400003,37.563036408000016],[126.99354683199999,37.56308155800002],[126.99311135599999,37.563392943999986],[126.99349435099998,37.56398369499999],[126.99336716699997,37.56504438600001],[126.994012709,37.565937345],[126.99480090500003,37.56609286299999],[126.99604992399998,37.56576137299999],[126.995065555,37.56508196599998],[126.99435533400003,37.563036408000016]]]},"properties":{"EMD_CD":"11140160","EMD_KOR_NM":"인현동1가","EMD_ENG_NM":"Inhyeon-dong 1(il)-ga","ESRI_PK":192,"SHAPE_AREA":0.000004,"SHAPE_LEN":0.012925}},{"type":"Feature","geometry":{"type":"Polygon","coordinates":[[[126.98383049400002,37.559313581000026],[126.98419481999997,37.55767360599998],[126.98345653900003,37.55643204099999],[126.982563153,37.556950676999975],[126.98248212700003,37.558403543],[126.981258357,37.559956962],[126.98214978299995,37.56060434800003],[126.983410704,37.560703283],[126.98383049400002,37.559313581000026]]]},"properties":{"EMD_CD":"11140122","EMD_KOR_NM":"회현동2가","EMD_ENG_NM":"Hoehyeon-dong 2(i)-ga","ESRI_PK":181,"SHAPE_AREA":0.000007,"SHAPE_LEN":0.01346}},{"type":"Feature","geometry":{"type":"Polygon","coordinates":[[[126.97763907299998,37.56930489199999],[126.97791316899998,37.56921192200002],[126.97847486299997,37.56724220199999],[126.97922370399999,37.566925559000026],[126.97803330099998,37.56564639099997],[126.97765074799997,37.56580075699998],[126.97718996699996,37.56668497800001],[126.97570875999997,37.567710850000026],[126.97567836099995,37.569384759],[126.97620203300005,37.5694784],[126.97763907299998,37.56930489199999]]]},"properties":{"EMD_CD":"11140103","EMD_KOR_NM":"태평로1가","EMD_ENG_NM":"Taepyeongno 1(il)-ga","ESRI_PK":177,"SHAPE_AREA":0.000007,"SHAPE_LEN":0.013366}},{"type":"Feature","geometry":{"type":"Polygon","coordinates":[[[126.99311135599999,37.563392943999986],[126.99126605200001,37.56330192899998],[126.99062696299995,37.564500673],[126.99100349599996,37.56537743000001],[126.99279671900001,37.565163058999985],[126.994012709,37.565937345],[126.99336716699997,37.56504438600001],[126.99349435099998,37.56398369499999],[126.99311135599999,37.563392943999986]]]},"properties":{"EMD_CD":"11140159","EMD_KOR_NM":"초동","EMD_ENG_NM":"Cho-dong","ESRI_PK":178,"SHAPE_AREA":0.000005,"SHAPE_LEN":0.014012}},{"type":"Feature","geometry":{"type":"Polygon","coordinates":[[[126.98903809700005,37.56269634300003],[126.98841323299996,37.562065518],[126.98730127299996,37.562302133],[126.98492231800003,37.56201009099999],[126.98318900799995,37.56143621299998],[126.98288031699997,37.56212717599999],[126.98153859700005,37.562061911],[126.98239286199998,37.563685942],[126.98399366399997,37.563642937],[126.98650684699999,37.564247851],[126.98704440100005,37.56433858299999],[126.98838162000004,37.563459911999985],[126.98903809700005,37.56269634300003]]]},"properties":{"EMD_CD":"11140127","EMD_KOR_NM":"명동2가","EMD_ENG_NM":"Myeong-dong 2(i)-ga","ESRI_PK":185,"SHAPE_AREA":0.000012,"SHAPE_LEN":0.021072}},{"type":"Feature","geometry":{"type":"Polygon","coordinates":[[[126.96235773199999,37.551552155000024],[126.96232509900005,37.55277299800002],[126.96179134700003,37.554985018000025],[126.96343873599994,37.556958486999974],[126.96475302099998,37.556674164000015],[126.96650181099994,37.555764709000016],[126.96663324400004,37.55442981599998],[126.96572364500003,37.55415303199999],[126.96235773199999,37.551552155000024]]]},"properties":{"EMD_CD":"11140174","EMD_KOR_NM":"만리동2가","EMD_ENG_NM":"Malli-dong 2(i)-ga","ESRI_PK":234,"SHAPE_AREA":0.000015,"SHAPE_LEN":0.01666}},{"type":"Feature","geometry":{"type":"Polygon","coordinates":[[[127.02134194999996,37.51110841299999],[127.024502493,37.504485225],[127.02048500700005,37.50326837900002],[127.01862591400004,37.50304141399999],[127.01977869500001,37.50000168499997],[127.01588264300005,37.501541839000026],[127.01253911000003,37.49897860200002],[127.00929092900003,37.498525546],[127.01072678000003,37.497431971000026],[127.00878987199997,37.49680657699997],[127.007610956,37.497188385000015],[127.00717306299998,37.49689191499999],[127.00495927899999,37.49667936399999],[127.00354351500005,37.49597523900002],[127.00329406599997,37.494402982999986],[127.00127285400004,37.49198330199999],[127.00031181999998,37.49181997699998],[126.99982749399999,37.49304542300001],[126.99842226299995,37.49341993799999],[126.99674187300002,37.49416792300002],[126.99565098100004,37.49410128300002],[126.99477388000003,37.495860993],[126.99342188499998,37.49605165299999],[126.99283371599995,37.496774448999986],[126.99143771299998,37.49724053599999],[126.99060460600003,37.497973451],[126.98949023099999,37.497997118],[126.98875908800005,37.498846394],[126.98730918399997,37.498619882000014],[126.98641226200004,37.498911985],[126.98540105999996,37.499865699],[126.98430021299998,37.500715594999974],[126.98204229199996,37.502048226],[126.98055896999995,37.502695899],[126.97985151099999,37.504182980999985],[126.98041422799997,37.504594743999974],[126.98042062399998,37.50655008299998],[126.98243110099997,37.506544077],[126.98556279299999,37.506554986000026],[126.99070165900002,37.513098911999975],[126.99743711099995,37.51736647500002],[127.00114874799999,37.513599596],[126.99777402799998,37.51192021100002],[127.00117019899994,37.50500652599999],[127.02134194999996,37.51110841299999]]]},"properties":{"EMD_CD":"11650107","EMD_KOR_NM":"반포동","EMD_ENG_NM":"Banpo-dong","ESRI_PK":311,"SHAPE_AREA":0.000489,"SHAPE_LEN":0.135066}},{"type":"Feature","geometry":{"type":"Polygon","coordinates":[[[127.024502493,37.504485225],[127.03162823299999,37.48956080300002],[127.03410511200002,37.484373084000026],[127.03366886699996,37.484152155],[127.03440818199999,37.482718670999986],[127.03432275099999,37.48221625000002],[127.03255407300003,37.481017467000015],[127.03043664999996,37.480306348],[127.02856856599999,37.48108649],[127.02651506400002,37.48050702900002],[127.02559240599999,37.48087384199999],[127.02439775200003,37.480619558],[127.02403210299997,37.47987484599997],[127.02281217200004,37.479145698000025],[127.02260812099996,37.478397402999974],[127.021651884,37.477013005],[127.02108594699996,37.477289559999974],[127.019731482,37.477032882],[127.01655176899999,37.47605989800002],[127.01640751299999,37.47530294400002],[127.01539416000003,37.47493822199999],[127.01490377200003,37.47390668899999],[127.01395334999995,37.47323276499998],[127.012125878,37.473207559],[127.010126775,37.47255034699998],[127.00824698999998,37.476081470999986],[127.007056336,37.47742345],[127.00448369799994,37.48274483],[127.00224588100002,37.482313679000015],[127.00175691499999,37.48312876699998],[127.00082437200001,37.483568365999986],[127.000875888,37.484388594],[127.00025863200005,37.48563877599997],[127.00138230699997,37.48684173100003],[127.00043149800001,37.48854455100002],[127.00050489399996,37.489726796000014],[126.99984197100002,37.490185048],[126.99986989700005,37.49157045599998],[127.00031181999998,37.49181997699998],[127.00127285400004,37.49198330199999],[127.00329406599997,37.494402982999986],[127.00354351500005,37.49597523900002],[127.00495927899999,37.49667936399999],[127.00717306299998,37.49689191499999],[127.007610956,37.497188385000015],[127.00878987199997,37.49680657699997],[127.01072678000003,37.497431971000026],[127.00929092900003,37.498525546],[127.01253911000003,37.49897860200002],[127.01588264300005,37.501541839000026],[127.01977869500001,37.50000168499997],[127.01862591400004,37.50304141399999],[127.02048500700005,37.50326837900002],[127.024502493,37.504485225]]]},"properties":{"EMD_CD":"11650108","EMD_KOR_NM":"서초동","EMD_ENG_NM":"Seocho-dong","ESRI_PK":268,"SHAPE_AREA":0.000651,"SHAPE_LEN":0.120059}},{"type":"Feature","geometry":{"type":"Polygon","coordinates":[[[126.92687757299996,37.515549326999974],[126.92680191600004,37.512806090000026],[126.92539879399999,37.512530895],[126.92036629400002,37.50004992800001],[126.920261063,37.498515938000025],[126.91942210399998,37.49760859700001],[126.91488013699995,37.496616992999975],[126.91290980099996,37.49642572499999],[126.91182026599995,37.495885441999974],[126.91085645500004,37.49429841],[126.90955048499995,37.492664538999975],[126.90930011900002,37.492882674999976],[126.90835374100004,37.49556347700002],[126.90843452000001,37.49659775600003],[126.90756029500005,37.49722325800002],[126.90568218800001,37.49768780199997],[126.904573486,37.497253367999974],[126.90330487100005,37.49750537099999],[126.90109784900005,37.499733106],[126.90207575099998,37.50122479999999],[126.89976508799998,37.503209782],[126.899243705,37.504041144999974],[126.89826139700006,37.505380788000025],[126.90293553100003,37.507409215],[126.90670018699996,37.50917919699998],[126.90691759100002,37.509030359],[126.91012821899994,37.51036784199999],[126.91000220499996,37.512443152],[126.91152845800002,37.51385314100003],[126.91495151499998,37.515603390000024],[126.91488313900004,37.516817177],[126.91595041200003,37.51723668699998],[126.916471139,37.51766230599998],[126.91738165499999,37.518987664],[126.91874740699996,37.51806828500003],[126.92368447199999,37.51650787699998],[126.92576944300004,37.51561777699999],[126.92687757299996,37.515549326999974]]]},"properties":{"EMD_CD":"11560132","EMD_KOR_NM":"신길동","EMD_ENG_NM":"Singil-dong","ESRI_PK":398,"SHAPE_AREA":0.000368,"SHAPE_LEN":0.092703}},{"type":"Feature","geometry":{"type":"MultiPolygon","coordinates":[[[[126.89070107700002,37.53166245800003],[126.88864184199997,37.532130411000026],[126.88876723199996,37.53285461199999],[126.88984633099994,37.53343159899998],[126.89014271799999,37.534381051000025],[126.88944553600004,37.53554333599999],[126.88768399399999,37.537571119],[126.886242573,37.539941638000016],[126.88552415900006,37.541581647999976],[126.88545374099999,37.542317114000014],[126.88814679899997,37.542763459000014],[126.88983821399995,37.53961385100001],[126.89143497700002,37.53631187000002],[126.89182352900002,37.53517025000002],[126.89185844300005,37.534630127000014],[126.89172487400003,37.533518136],[126.89070107700002,37.53166245800003]]],[[[126.88301612099997,37.526104410000016],[126.88192728399997,37.524940277999974],[126.88161875100002,37.524118465000015],[126.88175062899995,37.52244562499999],[126.87995143900002,37.522857749000025],[126.87905156900001,37.522618615],[126.87862801999995,37.52507556900002],[126.87942906299998,37.52574404699999],[126.88072924100004,37.525787713],[126.88118808599995,37.52655032400003],[126.88102996999999,37.527755351],[126.88274796200005,37.52725498199999],[126.88376854600006,37.527592829000014],[126.88419889099998,37.52867374099998],[126.887703042,37.53037303799999],[126.88955817600004,37.530002857],[126.88820222200002,37.52825510100001],[126.88663524399999,37.52740274400003],[126.88301612099997,37.526104410000016]]],[[[126.90035835699996,37.537682554000014],[126.89910564299998,37.538582012],[126.90064095000002,37.53830249399999],[126.90035835699996,37.537682554000014]]],[[[126.89415023200002,37.54165320200002],[126.893335493,37.54209671799998],[126.89386180999998,37.54222183799999],[126.89415023200002,37.54165320200002]]]]},"properties":{"EMD_CD":"11560134","EMD_KOR_NM":"양평동","EMD_ENG_NM":"Yangpyeong-dong","ESRI_PK":426,"SHAPE_AREA":0.000057,"SHAPE_LEN":0.076447}},{"type":"Feature","geometry":{"type":"Polygon","coordinates":[[[126.90484853500004,37.54142033099998],[126.90655162200005,37.539357353000014],[126.90761163800005,37.53610856900002],[126.90819419499996,37.532820886000025],[126.90918498500002,37.530822339999986],[126.91107454799999,37.52635041299999],[126.907090359,37.525695923],[126.906469893,37.52801838300002],[126.90666083999997,37.53252609899999],[126.906850501,37.53275498900001],[126.90461465299995,37.534928186],[126.90124875499998,37.537087396],[126.90036914699999,37.537665408],[126.90035835699996,37.537682554000014],[126.90064095000002,37.53830249399999],[126.89910564299998,37.538582012],[126.899091107,37.53859299499999],[126.89816122599996,37.539123803],[126.89793020900004,37.539290187],[126.89774349100003,37.539416044],[126.89604145400006,37.54055381699999],[126.89415023200002,37.54165320200002],[126.89386180999998,37.54222183799999],[126.89569408800003,37.54171833700002],[126.89650686100003,37.542970776],[126.90014131099997,37.541784328],[126.90101725,37.542232231000014],[126.900673149,37.54280877299999],[126.90220529600003,37.54412995500002],[126.90484853500004,37.54142033099998]]]},"properties":{"EMD_CD":"11560117","EMD_KOR_NM":"당산동","EMD_ENG_NM":"Dangsan-dong","ESRI_PK":452,"SHAPE_AREA":0.000082,"SHAPE_LEN":0.06655}},{"type":"Feature","geometry":{"type":"Polygon","coordinates":[[[127.05045153599997,37.46975620500001],[127.050659989,37.469619658],[127.05111153099995,37.468596006999974],[127.05077754800004,37.46740798500002],[127.05117995900002,37.46740064099998],[127.05306747700001,37.468065121],[127.05333268200002,37.46816131700001],[127.05422574299996,37.46812013499999],[127.05540305600005,37.46882300300001],[127.056009377,37.46848064599999],[127.05654778200005,37.46848492399999],[127.05784589999996,37.46890953799999],[127.05910298100002,37.46920085199997],[127.06146551300003,37.46900321499999],[127.061495606,37.468963660999975],[127.06209618800006,37.467958737],[127.06242186300005,37.466152479000016],[127.06229101400004,37.46571632500002],[127.06233444199995,37.464551218],[127.06219211200005,37.463877658],[127.06215427899997,37.46342840300002],[127.061845554,37.46265497600001],[127.06138943400003,37.462282],[127.06007019599997,37.461550690000024],[127.059853782,37.461484094000014],[127.05903071199998,37.46082224999998],[127.05887421399996,37.46057961600002],[127.05899629099997,37.46018262699999],[127.05907160200002,37.46003502299999],[127.05884182800003,37.459363381],[127.05864020700005,37.45912270600002],[127.05867557,37.458917805],[127.05874278500005,37.458286262],[127.05874838199998,37.457922881],[127.058745498,37.457830704],[127.05861880400005,37.457416849000026],[127.05860923199998,37.457363455],[127.05858427400005,37.45728891700003],[127.05836400400005,37.456873432],[127.05798550300005,37.45676246599999],[127.05784918799998,37.456764815999975],[127.05782023300003,37.456761735999976],[127.05745938799998,37.456653856],[127.0574011,37.45663080999998],[127.05718603499997,37.456517437],[127.05694059200005,37.456400925000025],[127.05689467000002,37.456404835],[127.05690259100004,37.456540861],[127.05675746500003,37.45671503400001],[127.05670149900004,37.456715256999985],[127.05568262400004,37.45679440700002],[127.05548708000003,37.456817899999976],[127.05503562700005,37.456971521000014],[127.05499166899995,37.457000531],[127.05485028500004,37.45709290799999],[127.05425218000005,37.457349221000015],[127.05379534300005,37.457633396],[127.05186844399998,37.457425581999985],[127.051084113,37.457282925000015],[127.05085934299996,37.457277041],[127.05029353099997,37.45705391199999],[127.049891204,37.45768091799999],[127.04943206899998,37.45805235900002],[127.049180331,37.45818725999999],[127.048733632,37.45856885500001],[127.048495935,37.458997985999986],[127.04843147199995,37.45906498900001],[127.047905905,37.45988458300002],[127.04779950399995,37.46054567300001],[127.04797495599996,37.46069321700003],[127.04790980799999,37.46092381099999],[127.04776916799995,37.461248054],[127.04769499899999,37.4613756],[127.04731003999996,37.462036265999984],[127.04730315200004,37.462058214000024],[127.04722521899998,37.46230362699998],[127.04719641500003,37.462394254],[127.046698321,37.46274947799998],[127.04665044,37.462817035],[127.046441588,37.46291302700001],[127.04616535699995,37.463053195999976],[127.04539226199995,37.463535568],[127.04492885900004,37.463904223999975],[127.04302993199997,37.465661097],[127.04887602500003,37.469898645],[127.04964056200004,37.46982363500001],[127.05045153599997,37.46975620500001]]]},"properties":{"EMD_CD":"11650110","EMD_KOR_NM":"염곡동","EMD_ENG_NM":"Yeomgok-dong","ESRI_PK":313,"SHAPE_AREA":0.000167,"SHAPE_LEN":0.059005}},{"type":"Feature","geometry":{"type":"Polygon","coordinates":[[[126.99779072900003,37.56565403799999],[126.99812204700004,37.564895165],[126.99690607000002,37.56308327199997],[126.995581894,37.56252500699998],[126.99435533400003,37.563036408000016],[126.995065555,37.56508196599998],[126.99604992399998,37.56576137299999],[126.99779072900003,37.56565403799999]]]},"properties":{"EMD_CD":"11140134","EMD_KOR_NM":"인현동2가","EMD_ENG_NM":"Inhyeon-dong 2(i)-ga","ESRI_PK":200,"SHAPE_AREA":0.000007,"SHAPE_LEN":0.013928}},{"type":"Feature","geometry":{"type":"Polygon","coordinates":[[[126.899243705,37.504041144999974],[126.89854268299996,37.50428373699998],[126.89675647000001,37.50597008],[126.89642158499998,37.50660282299998],[126.893870515,37.508367616999976],[126.89302843300004,37.508544305999976],[126.89298159299994,37.509840698],[126.89761711200003,37.511849472999984],[126.89803106900001,37.51126279599998],[126.90034253399995,37.512059846],[126.90111719900005,37.511671534000016],[126.90174047899995,37.509872948],[126.90407252900002,37.50966994700002],[126.905855212,37.51074452],[126.90766362299996,37.51236309799998],[126.91000220499996,37.512443152],[126.91012821899994,37.51036784199999],[126.90691759100002,37.509030359],[126.90670018699996,37.50917919699998],[126.90293553100003,37.507409215],[126.89826139700006,37.505380788000025],[126.899243705,37.504041144999974]]]},"properties":{"EMD_CD":"11560118","EMD_KOR_NM":"도림동","EMD_ENG_NM":"Dorim-dong","ESRI_PK":430,"SHAPE_AREA":0.000059,"SHAPE_LEN":0.048642}},{"type":"Feature","geometry":{"type":"Polygon","coordinates":[[[126.91000220499996,37.512443152],[126.90766362299996,37.51236309799998],[126.905855212,37.51074452],[126.90407252900002,37.50966994700002],[126.90174047899995,37.509872948],[126.90111719900005,37.511671534000016],[126.90034253399995,37.512059846],[126.89803106900001,37.51126279599998],[126.89761711200003,37.511849472999984],[126.90408094700001,37.514622523000014],[126.90322645699996,37.51514744299999],[126.90671162499996,37.51638881500003],[126.90845371299997,37.517016059000014],[126.90851389800002,37.516822131000026],[126.91595041200003,37.51723668699998],[126.91488313900004,37.516817177],[126.91495151499998,37.515603390000024],[126.91152845800002,37.51385314100003],[126.91000220499996,37.512443152]]]},"properties":{"EMD_CD":"11560101","EMD_KOR_NM":"영등포동","EMD_ENG_NM":"Yeongdeungpo-dong","ESRI_PK":410,"SHAPE_AREA":0.000059,"SHAPE_LEN":0.045845}},{"type":"Feature","geometry":{"type":"Polygon","coordinates":[[[126.89204323000001,37.52473252200002],[126.88625086800005,37.525614424000025],[126.88301612099997,37.526104410000016],[126.88663524399999,37.52740274400003],[126.88820222200002,37.52825510100001],[126.88955817600004,37.530002857],[126.89070107700002,37.53166245800003],[126.89172487400003,37.533518136],[126.89185844300005,37.534630127000014],[126.896562141,37.53230808699999],[126.89416114899996,37.529239787999984],[126.89275898699998,37.52744567600001],[126.89204323000001,37.52473252200002]]]},"properties":{"EMD_CD":"11560127","EMD_KOR_NM":"양평동3가","EMD_ENG_NM":"Yangpyeong-dong 3(sam)-ga","ESRI_PK":460,"SHAPE_AREA":0.000048,"SHAPE_LEN":0.036509}},{"type":"Feature","geometry":{"type":"Polygon","coordinates":[[[126.88983821399995,37.53961385100001],[126.88814679899997,37.542763459000014],[126.88652307999996,37.545825630000024],[126.88829983999995,37.54472221499998],[126.89233892100003,37.54266916300003],[126.88983821399995,37.53961385100001]]]},"properties":{"EMD_CD":"11560130","EMD_KOR_NM":"양평동6가","EMD_ENG_NM":"Yangpyeong-dong 6(yuk)-ga","ESRI_PK":438,"SHAPE_AREA":0.000013,"SHAPE_LEN":0.01775}},{"type":"Feature","geometry":{"type":"Polygon","coordinates":[[[126.880482788,37.556271095],[126.886843065,37.553092693],[126.888138529,37.55229611599998],[126.89470263500004,37.54939842700003],[126.89574954600005,37.54904773200002],[126.89896042400005,37.54801076299998],[126.90184199,37.54502313400002],[126.90220529600003,37.54412995500002],[126.900673149,37.54280877299999],[126.90101725,37.542232231000014],[126.90014131099997,37.541784328],[126.89650686100003,37.542970776],[126.89569408800003,37.54171833700002],[126.89386180999998,37.54222183799999],[126.893335493,37.54209671799998],[126.89233892100003,37.54266916300003],[126.88829983999995,37.54472221499998],[126.88652307999996,37.545825630000024],[126.88814679899997,37.542763459000014],[126.88545374099999,37.542317114000014],[126.88510384100005,37.54331917000002],[126.88426219799999,37.54357040000002],[126.88410868400001,37.544642264],[126.882761996,37.545759884],[126.88214357899994,37.54672975099999],[126.88080691100004,37.548092826000016],[126.87806365400002,37.55170404699999],[126.87797129800003,37.5534527],[126.87923394200004,37.55315397700002],[126.87925520399995,37.554749062999974],[126.880482788,37.556271095]]]},"properties":{"EMD_CD":"11560131","EMD_KOR_NM":"양화동","EMD_ENG_NM":"Yanghwa-dong","ESRI_PK":393,"SHAPE_AREA":0.000172,"SHAPE_LEN":0.071235}},{"type":"Feature","geometry":{"type":"Polygon","coordinates":[[[126.88882555600003,37.51722648200001],[126.88734473900001,37.513951012],[126.88786062999998,37.51302062299999],[126.88461590500003,37.51371960099999],[126.88410520000002,37.51439608700002],[126.88272537399996,37.51514203800002],[126.88272419199996,37.51576865800001],[126.87950673,37.51777967100003],[126.87882599399995,37.51791304],[126.87822848999997,37.51875469999999],[126.87859490300002,37.51971452],[126.88207747000001,37.51970758300001],[126.88225671199996,37.518242568],[126.88882555600003,37.51722648200001]]]},"properties":{"EMD_CD":"11560123","EMD_KOR_NM":"문래동5가","EMD_ENG_NM":"Mullae-dong 5(o)-ga","ESRI_PK":389,"SHAPE_AREA":0.000031,"SHAPE_LEN":0.031248}},{"type":"Feature","geometry":{"type":"Polygon","coordinates":[[[127.01524092099999,37.52485435300002],[127.01695378500006,37.523029467000015],[127.01783754500002,37.52181485800003],[127.01954274800005,37.51611791900001],[127.020530345,37.51280506699999],[127.02134194999996,37.51110841299999],[127.00117019899994,37.50500652599999],[126.99777402799998,37.51192021100002],[127.00114874799999,37.513599596],[126.99743711099995,37.51736647500002],[126.99753009400001,37.51742531399998],[126.99895327000002,37.518326925999986],[127.00320588900001,37.521166821],[127.00650365900003,37.523469732000024],[127.007674211,37.524661971],[127.00859622099995,37.52560038199999],[127.013196795,37.522589916000015],[127.01524092099999,37.52485435300002]]]},"properties":{"EMD_CD":"11650106","EMD_KOR_NM":"잠원동","EMD_ENG_NM":"Jamwon-dong","ESRI_PK":302,"SHAPE_AREA":0.000307,"SHAPE_LEN":0.07563}},{"type":"Feature","geometry":{"type":"Polygon","coordinates":[[[126.90281355399998,37.52596518799999],[126.902741967,37.52596814399999],[126.90281402799997,37.52613950900002],[126.89713929699997,37.52775433300002],[126.89416114899996,37.529239787999984],[126.896562141,37.53230808699999],[126.90261234499997,37.52930844000002],[126.904108102,37.52888788400003],[126.90293996000003,37.52610624],[126.90281355399998,37.52596518799999]]]},"properties":{"EMD_CD":"11560114","EMD_KOR_NM":"당산동4가","EMD_ENG_NM":"Dangsan-dong 4(sa)-ga","ESRI_PK":397,"SHAPE_AREA":0.000031,"SHAPE_LEN":0.024906}},{"type":"Feature","geometry":{"type":"Polygon","coordinates":[[[126.89531232700006,37.52019653399998],[126.89165323199995,37.520752953],[126.89140137000004,37.52209343099997],[126.89204323000001,37.52473252200002],[126.89625146100002,37.524077584999986],[126.89531232700006,37.52019653399998]]]},"properties":{"EMD_CD":"11560112","EMD_KOR_NM":"당산동2가","EMD_ENG_NM":"Dangsan-dong 2(i)-ga","ESRI_PK":414,"SHAPE_AREA":0.000017,"SHAPE_LEN":0.016106}},{"type":"Feature","geometry":{"type":"Polygon","coordinates":[[[126.905458383,37.53215532399997],[126.904108102,37.52888788400003],[126.90261234499997,37.52930844000002],[126.896562141,37.53230808699999],[126.89897028300004,37.535369365],[126.905458383,37.53215532399997]]]},"properties":{"EMD_CD":"11560115","EMD_KOR_NM":"당산동5가","EMD_ENG_NM":"Dangsan-dong 5(o)-ga","ESRI_PK":401,"SHAPE_AREA":0.00003,"SHAPE_LEN":0.023027}},{"type":"Feature","geometry":{"type":"Polygon","coordinates":[[[126.90176229999997,37.52324225699999],[126.89625146100002,37.524077584999986],[126.89204323000001,37.52473252200002],[126.89275898699998,37.52744567600001],[126.89416114899996,37.529239787999984],[126.89713929699997,37.52775433300002],[126.90281402799997,37.52613950900002],[126.902741967,37.52596814399999],[126.90176229999997,37.52324225699999]]]},"properties":{"EMD_CD":"11560113","EMD_KOR_NM":"당산동3가","EMD_ENG_NM":"Dangsan-dong 3(sam)-ga","ESRI_PK":453,"SHAPE_AREA":0.000037,"SHAPE_LEN":0.027239}},{"type":"Feature","geometry":{"type":"Polygon","coordinates":[[[126.90124875499998,37.537087396],[126.90461465299995,37.534928186],[126.906850501,37.53275498900001],[126.905458383,37.53215532399997],[126.89897028300004,37.535369365],[126.90064337199999,37.537496353999984],[126.90124875499998,37.537087396]]]},"properties":{"EMD_CD":"11560116","EMD_KOR_NM":"당산동6가","EMD_ENG_NM":"Dangsan-dong 6(yuk)-ga","ESRI_PK":422,"SHAPE_AREA":0.000017,"SHAPE_LEN":0.021649}},{"type":"Feature","geometry":{"type":"Polygon","coordinates":[[[126.916471139,37.51766230599998],[126.91595041200003,37.51723668699998],[126.90851389800002,37.516822131000026],[126.90845371299997,37.517016059000014],[126.91190299699997,37.51824896900001],[126.91337420599996,37.51863577900002],[126.91456949200006,37.51845844600001],[126.916471139,37.51766230599998]]]},"properties":{"EMD_CD":"11560102","EMD_KOR_NM":"영등포동1가","EMD_ENG_NM":"Yeongdeungpo-dong 1(il)-ga","ESRI_PK":411,"SHAPE_AREA":0.000008,"SHAPE_LEN":0.017732}},{"type":"Feature","geometry":{"type":"Polygon","coordinates":[[[126.88982957899998,37.51172454499999],[126.88972300499995,37.51224255400001],[126.88837384800001,37.512353211],[126.88786062999998,37.51302062299999],[126.88734473900001,37.513951012],[126.88882555600003,37.51722648200001],[126.88882591200002,37.51722817799998],[126.893331762,37.51506839299998],[126.89300167600004,37.514627596000025],[126.89045855999996,37.51262170199999],[126.88982957899998,37.51172454499999]]]},"properties":{"EMD_CD":"11560122","EMD_KOR_NM":"문래동4가","EMD_ENG_NM":"Mullae-dong 4(sa)-ga","ESRI_PK":388,"SHAPE_AREA":0.000018,"SHAPE_LEN":0.019986}},{"type":"Feature","geometry":{"type":"Polygon","coordinates":[[[126.88175062899995,37.52244562499999],[126.88161875100002,37.524118465000015],[126.88192728399997,37.524940277999974],[126.88301612099997,37.526104410000016],[126.88625086800005,37.525614424000025],[126.88530427600006,37.52173346500001],[126.88502029300003,37.52057294000002],[126.88192543900004,37.52104216700002],[126.88175062899995,37.52244562499999]]]},"properties":{"EMD_CD":"11560126","EMD_KOR_NM":"양평동2가","EMD_ENG_NM":"Yangpyeong-dong 2(i)-ga","ESRI_PK":406,"SHAPE_AREA":0.000019,"SHAPE_LEN":0.017174}},{"type":"Feature","geometry":{"type":"Polygon","coordinates":[[[126.89106721799999,37.510383132000015],[126.88982957899998,37.51172454499999],[126.89045855999996,37.51262170199999],[126.89300167600004,37.514627596000025],[126.893331762,37.51506839299998],[126.897245945,37.513168258],[126.894118069,37.512088807],[126.89106721799999,37.510383132000015]]]},"properties":{"EMD_CD":"11560120","EMD_KOR_NM":"문래동2가","EMD_ENG_NM":"Mullae-dong 2(i)-ga","ESRI_PK":412,"SHAPE_AREA":0.000015,"SHAPE_LEN":0.019516}},{"type":"Feature","geometry":{"type":"Polygon","coordinates":[[[126.90845371299997,37.517016059000014],[126.90671162499996,37.51638881500003],[126.90489722799998,37.519871953],[126.90547439700003,37.51987169],[126.90795841600004,37.51936301],[126.91185359300005,37.518506624],[126.91190299699997,37.51824896900001],[126.90845371299997,37.517016059000014]]]},"properties":{"EMD_CD":"11560104","EMD_KOR_NM":"영등포동3가","EMD_ENG_NM":"Yeongdeungpo-dong 3(sam)-ga","ESRI_PK":425,"SHAPE_AREA":0.000012,"SHAPE_LEN":0.017039}},{"type":"Feature","geometry":{"type":"Polygon","coordinates":[[[126.904820471,37.520003492],[126.90114062500004,37.52057659299999],[126.90122050699995,37.51857067899999],[126.90114011000003,37.51881091500002],[126.90094088299998,37.51985168499999],[126.90112273700004,37.52112399499998],[126.90176229999997,37.52324225699999],[126.902741967,37.52596814399999],[126.90281355399998,37.52596518799999],[126.90186700799995,37.52321063199997],[126.90513830700002,37.52271673400003],[126.904820471,37.520003492]]]},"properties":{"EMD_CD":"11560107","EMD_KOR_NM":"영등포동6가","EMD_ENG_NM":"Yeongdeungpo-dong 6(yuk)-ga","ESRI_PK":386,"SHAPE_AREA":0.000011,"SHAPE_LEN":0.022713}},{"type":"Feature","geometry":{"type":"Polygon","coordinates":[[[127.08490094800004,37.475519055],[127.08452479200002,37.47511271899998],[127.08419105799999,37.47282587299998],[127.08504561100006,37.471207665],[127.08660644600002,37.47076724300001],[127.08754885400003,37.46976963999998],[127.08818068200003,37.46832342099998],[127.08905437500005,37.46824859100002],[127.089476365,37.46758277399999],[127.09045287900005,37.46703465500002],[127.09202158699998,37.464931130000025],[127.09203995500002,37.46228391],[127.09320980099994,37.46128151],[127.09465464000004,37.460959875000015],[127.095692589,37.46101392600002],[127.09562269900005,37.46025964099999],[127.094911626,37.45848998500003],[127.095462623,37.457491343000015],[127.09523686299997,37.45640378600001],[127.09355441299999,37.455898022999975],[127.09273821299996,37.453643511999985],[127.09189497099999,37.453476357],[127.09097172,37.45279201300002],[127.09031546300002,37.45127626300001],[127.08963212499998,37.450896381],[127.08955536300004,37.450175623],[127.088339346,37.44863720799998],[127.08817389900003,37.44539478799999],[127.08786767699996,37.444903672],[127.08643383599997,37.444272048000016],[127.08571550600004,37.444426581000016],[127.08387430300002,37.44393121899998],[127.08381743200005,37.443426121000016],[127.08244417699996,37.441589282],[127.08126242399999,37.44112832500002],[127.08018384599995,37.441060924],[127.07737057500003,37.44164085199998],[127.07602324799996,37.4421491],[127.07476887200005,37.44222912399999],[127.073006878,37.442027784],[127.07215198300003,37.44227340600003],[127.072108566,37.44288617699999],[127.071217133,37.444373625000026],[127.06940161800003,37.44603378300002],[127.06770081599996,37.446648004999986],[127.06576656000004,37.44645154400001],[127.064150585,37.447878124],[127.06405285899996,37.44796262900002],[127.06221743699996,37.449763819],[127.06190615499997,37.45109396599997],[127.05916680899998,37.45259116099999],[127.05881338300003,37.453076285],[127.05951061600001,37.454050402],[127.05957374299999,37.455125512999984],[127.05877952599997,37.45543724999999],[127.05891320499995,37.45611046499999],[127.05844436899997,37.45689027100002],[127.05858427400005,37.45728891700003],[127.05860923199998,37.457363455],[127.05861880400005,37.457416849000026],[127.058745498,37.457830704],[127.05874838199998,37.457922881],[127.05874278500005,37.458286262],[127.05867557,37.458917805],[127.05864020700005,37.45912270600002],[127.05884182800003,37.459363381],[127.05907160200002,37.46003502299999],[127.05899629099997,37.46018262699999],[127.05887421399996,37.46057961600002],[127.05903071199998,37.46082224999998],[127.059853782,37.461484094000014],[127.06007019599997,37.461550690000024],[127.06138943400003,37.462282],[127.061845554,37.46265497600001],[127.06215427899997,37.46342840300002],[127.06219211200005,37.463877658],[127.06233444199995,37.464551218],[127.06229101400004,37.46571632500002],[127.06242186300005,37.466152479000016],[127.06209618800006,37.467958737],[127.061495606,37.468963660999975],[127.06187520799995,37.46905271100002],[127.06215179900005,37.46908774299999],[127.06237679399999,37.469300793],[127.06241885600002,37.46933456300002],[127.062987056,37.469166642],[127.06382919099997,37.46900672200002],[127.06417197300004,37.46921124199997],[127.06511498999998,37.469340827],[127.06588950900004,37.46976330299998],[127.06626771399999,37.46990652400001],[127.06788425299999,37.470434055],[127.06828847700001,37.47076780499998],[127.06963485699998,37.47105336200002],[127.069952554,37.470933589000026],[127.07076335,37.47136705499997],[127.07176507300005,37.47173766200001],[127.07270004899999,37.47196330000003],[127.07354911899995,37.47265178399999],[127.07530216299995,37.473443443],[127.075466946,37.47356638399998],[127.07590640800004,37.47395841100001],[127.07595591999996,37.474001886],[127.07629761800001,37.47430745899999],[127.07643532199995,37.47442209899998],[127.07648071100004,37.474460792],[127.07670355100004,37.47482805599998],[127.07676953999999,37.47492934500002],[127.07692871300003,37.475163194],[127.07795247599995,37.474741833999985],[127.07900901599999,37.47477282],[127.08325168099998,37.475533000999974],[127.08490094800004,37.475519055]]]},"properties":{"EMD_CD":"11650109","EMD_KOR_NM":"내곡동","EMD_ENG_NM":"Naegok-dong","ESRI_PK":358,"SHAPE_AREA":0.000847,"SHAPE_LEN":0.125556}},{"type":"Feature","geometry":{"type":"Polygon","coordinates":[[[126.91251030299998,37.524118816],[126.909127184,37.522651250000024],[126.90865817099996,37.52217093199999],[126.90513830700002,37.52271673400003],[126.90186700799995,37.52321063199997],[126.90281355399998,37.52596518799999],[126.90293996000003,37.52610624],[126.90394123600004,37.52579579500002],[126.906452167,37.52541511599998],[126.907090359,37.525695923],[126.91107454799999,37.52635041299999],[126.91251030299998,37.524118816]]]},"properties":{"EMD_CD":"11560108","EMD_KOR_NM":"영등포동7가","EMD_ENG_NM":"Yeongdeungpo-dong 7(chil)-ga","ESRI_PK":387,"SHAPE_AREA":0.000029,"SHAPE_LEN":0.02549}},{"type":"Feature","geometry":{"type":"Polygon","coordinates":[[[126.88175062899995,37.52244562499999],[126.88192543900004,37.52104216700002],[126.88502029300003,37.52057294000002],[126.88530427600006,37.52173346500001],[126.88974801899997,37.52105017600002],[126.88882591200002,37.51722817799998],[126.88882555600003,37.51722648200001],[126.88225671199996,37.518242568],[126.88207747000001,37.51970758300001],[126.87859490300002,37.51971452],[126.87945873700005,37.52060415400001],[126.87905258399996,37.522500948000015],[126.87905156900001,37.522618615],[126.87995143900002,37.522857749000025],[126.88175062899995,37.52244562499999]]]},"properties":{"EMD_CD":"11560124","EMD_KOR_NM":"문래동6가","EMD_ENG_NM":"Mullae-dong 6(yuk)-ga","ESRI_PK":417,"SHAPE_AREA":0.000033,"SHAPE_LEN":0.031999}},{"type":"Feature","geometry":{"type":"Polygon","coordinates":[[[126.91738165499999,37.518987664],[126.916471139,37.51766230599998],[126.91456949200006,37.51845844600001],[126.91337420599996,37.51863577900002],[126.91190299699997,37.51824896900001],[126.91185359300005,37.518506624],[126.90795841600004,37.51936301],[126.90865817099996,37.52217093199999],[126.909127184,37.522651250000024],[126.91251030299998,37.524118816],[126.91359122799997,37.52248622799999],[126.91612441300003,37.51970298600003],[126.91738165499999,37.518987664]]]},"properties":{"EMD_CD":"11560103","EMD_KOR_NM":"영등포동2가","EMD_ENG_NM":"Yeongdeungpo-dong 2(i)-ga","ESRI_PK":424,"SHAPE_AREA":0.000032,"SHAPE_LEN":0.025547}},{"type":"Feature","geometry":{"type":"Polygon","coordinates":[[[126.897245945,37.513168258],[126.893331762,37.51506839299998],[126.88882591200002,37.51722817799998],[126.88974801899997,37.52105017600002],[126.89165323199995,37.520752953],[126.89531232700006,37.52019653399998],[126.90001808600005,37.51944822799999],[126.90114011000003,37.51881091500002],[126.90122050699995,37.51857067899999],[126.90211732,37.51613518900001],[126.90308973499998,37.515204066000024],[126.897245945,37.513168258]]]},"properties":{"EMD_CD":"11560121","EMD_KOR_NM":"문래동3가","EMD_ENG_NM":"Mullae-dong 3(sam)-ga","ESRI_PK":428,"SHAPE_AREA":0.000069,"SHAPE_LEN":0.0354}},{"type":"Feature","geometry":{"type":"Polygon","coordinates":[[[126.907090359,37.525695923],[126.906452167,37.52541511599998],[126.90394123600004,37.52579579500002],[126.90293996000003,37.52610624],[126.904108102,37.52888788400003],[126.905458383,37.53215532399997],[126.906850501,37.53275498900001],[126.90666083999997,37.53252609899999],[126.906469893,37.52801838300002],[126.907090359,37.525695923]]]},"properties":{"EMD_CD":"11560109","EMD_KOR_NM":"영등포동8가","EMD_ENG_NM":"Yeongdeungpo-dong 8(pal)-ga","ESRI_PK":431,"SHAPE_AREA":0.000016,"SHAPE_LEN":0.019832}},{"type":"Feature","geometry":{"type":"Polygon","coordinates":[[[126.904820471,37.520003492],[126.90547439700003,37.51987169],[126.90489722799998,37.519871953],[126.90671162499996,37.51638881500003],[126.90322645699996,37.51514744299999],[126.90308973499998,37.515204066000024],[126.90211732,37.51613518900001],[126.90122050699995,37.51857067899999],[126.90114062500004,37.52057659299999],[126.904820471,37.520003492]]]},"properties":{"EMD_CD":"11560105","EMD_KOR_NM":"영등포동4가","EMD_ENG_NM":"Yeongdeungpo-dong 4(sa)-ga","ESRI_PK":435,"SHAPE_AREA":0.00002,"SHAPE_LEN":0.019085}},{"type":"Feature","geometry":{"type":"Polygon","coordinates":[[[126.89182352900002,37.53517025000002],[126.89143497700002,37.53631187000002],[126.88983821399995,37.53961385100001],[126.89233892100003,37.54266916300003],[126.893335493,37.54209671799998],[126.89415023200002,37.54165320200002],[126.89604145400006,37.54055381699999],[126.89182352900002,37.53517025000002]]]},"properties":{"EMD_CD":"11560129","EMD_KOR_NM":"양평동5가","EMD_ENG_NM":"Yangpyeong-dong 5(o)-ga","ESRI_PK":440,"SHAPE_AREA":0.000023,"SHAPE_LEN":0.019959}},{"type":"Feature","geometry":{"type":"Polygon","coordinates":[[[126.90114011000003,37.51881091500002],[126.90001808600005,37.51944822799999],[126.89531232700006,37.52019653399998],[126.89625146100002,37.524077584999986],[126.90176229999997,37.52324225699999],[126.90112273700004,37.52112399499998],[126.90094088299998,37.51985168499999],[126.90114011000003,37.51881091500002]]]},"properties":{"EMD_CD":"11560111","EMD_KOR_NM":"당산동1가","EMD_ENG_NM":"Dangsan-dong 1(il)-ga","ESRI_PK":413,"SHAPE_AREA":0.000022,"SHAPE_LEN":0.020207}},{"type":"Feature","geometry":{"type":"Polygon","coordinates":[[[126.899243705,37.504041144999974],[126.89976508799998,37.503209782],[126.90207575099998,37.50122479999999],[126.90109784900005,37.499733106],[126.90330487100005,37.49750537099999],[126.904573486,37.497253367999974],[126.90568218800001,37.49768780199997],[126.90756029500005,37.49722325800002],[126.90843452000001,37.49659775600003],[126.90835374100004,37.49556347700002],[126.90930011900002,37.492882674999976],[126.90955048499995,37.492664538999975],[126.90754026299999,37.49001319500002],[126.90666307900005,37.48922094699998],[126.90321344200004,37.485011993],[126.90321239399998,37.48501086700003],[126.90173083299999,37.485236464000025],[126.89816392700004,37.48693970900001],[126.89614206500005,37.48934659499997],[126.89461669800005,37.495167417],[126.89406033,37.498169484000016],[126.89364483500003,37.499595397],[126.892953068,37.500358178],[126.89275026200005,37.502080798],[126.89314937300003,37.50268416799997],[126.892709437,37.50332136999998],[126.89399198399997,37.50501809899998],[126.89230057600003,37.50907247700002],[126.89234951499998,37.509104666999974],[126.89302843300004,37.508544305999976],[126.893870515,37.508367616999976],[126.89642158499998,37.50660282299998],[126.89675647000001,37.50597008],[126.89854268299996,37.50428373699998],[126.899243705,37.504041144999974]]]},"properties":{"EMD_CD":"11560133","EMD_KOR_NM":"대림동","EMD_ENG_NM":"Daerim-dong","ESRI_PK":464,"SHAPE_AREA":0.000204,"SHAPE_LEN":0.069781}},{"type":"Feature","geometry":{"type":"Polygon","coordinates":[[[126.89165323199995,37.520752953],[126.88974801899997,37.52105017600002],[126.88530427600006,37.52173346500001],[126.88625086800005,37.525614424000025],[126.89204323000001,37.52473252200002],[126.89140137000004,37.52209343099997],[126.89165323199995,37.520752953]]]},"properties":{"EMD_CD":"11560125","EMD_KOR_NM":"양평동1가","EMD_ENG_NM":"Yangpyeong-dong 1(il)-ga","ESRI_PK":418,"SHAPE_AREA":0.000024,"SHAPE_LEN":0.020428}},{"type":"Feature","geometry":{"type":"Polygon","coordinates":[[[126.89302843300004,37.508544305999976],[126.89234951499998,37.509104666999974],[126.891712719,37.510323185],[126.89106721799999,37.510383132000015],[126.894118069,37.512088807],[126.897245945,37.513168258],[126.90308973499998,37.515204066000024],[126.90322645699996,37.51514744299999],[126.90408094700001,37.514622523000014],[126.89761711200003,37.511849472999984],[126.89298159299994,37.509840698],[126.89302843300004,37.508544305999976]]]},"properties":{"EMD_CD":"11560119","EMD_KOR_NM":"문래동1가","EMD_ENG_NM":"Mullae-dong 1(il)-ga","ESRI_PK":399,"SHAPE_AREA":0.000017,"SHAPE_LEN":0.031393}},{"type":"Feature","geometry":{"type":"Polygon","coordinates":[[[126.93186637600002,37.540873745],[126.932916363,37.54052997500003],[126.93535165799995,37.53935763700002],[126.93721523,37.53847912499998],[126.93857483800002,37.53783994299999],[126.940361908,37.53670595],[126.94423608600005,37.53423989100003],[126.94460208400005,37.53378549500002],[126.94549438800004,37.532677783],[126.94713082299995,37.530637339],[126.949893696,37.527031626999985],[126.94990256999995,37.517518107],[126.94957704,37.51762503399999],[126.93929870600005,37.51608439199998],[126.93415342799995,37.51592078599998],[126.93240130100003,37.515581852000025],[126.92901054499998,37.515424834999976],[126.92687757299996,37.515549326999974],[126.92576944300004,37.51561777699999],[126.92368447199999,37.51650787699998],[126.91874740699996,37.51806828500003],[126.91738165499999,37.518987664],[126.91612441300003,37.51970298600003],[126.91359122799997,37.52248622799999],[126.91251030299998,37.524118816],[126.91107454799999,37.52635041299999],[126.90918498500002,37.530822339999986],[126.90819419499996,37.532820886000025],[126.90761163800005,37.53610856900002],[126.90655162200005,37.539357353000014],[126.90484853500004,37.54142033099998],[126.917158427,37.541428586999984],[126.921820023,37.541432077000024],[126.92651789399997,37.541435911],[126.92842253599997,37.541437297000016],[126.93012850599996,37.541440755],[126.93186637600002,37.540873745]]]},"properties":{"EMD_CD":"11560110","EMD_KOR_NM":"여의도동","EMD_ENG_NM":"Yeouido-dong","ESRI_PK":400,"SHAPE_AREA":0.000872,"SHAPE_LEN":0.119611}},{"type":"Feature","geometry":{"type":"Polygon","coordinates":[[[126.89910564299998,37.538582012],[126.90035835699996,37.537682554000014],[126.90036914699999,37.537665408],[126.90064337199999,37.537496353999984],[126.89897028300004,37.535369365],[126.896562141,37.53230808699999],[126.89185844300005,37.534630127000014],[126.89182352900002,37.53517025000002],[126.89604145400006,37.54055381699999],[126.89774349100003,37.539416044],[126.89793020900004,37.539290187],[126.89816122599996,37.539123803],[126.899091107,37.53859299499999],[126.89910564299998,37.538582012]]]},"properties":{"EMD_CD":"11560128","EMD_KOR_NM":"양평동4가","EMD_ENG_NM":"Yangpyeong-dong 4(sa)-ga","ESRI_PK":402,"SHAPE_AREA":0.000038,"SHAPE_LEN":0.025047}},{"type":"Feature","geometry":{"type":"Polygon","coordinates":[[[126.90795841600004,37.51936301],[126.90547439700003,37.51987169],[126.904820471,37.520003492],[126.90513830700002,37.52271673400003],[126.90865817099996,37.52217093199999],[126.90795841600004,37.51936301]]]},"properties":{"EMD_CD":"11560106","EMD_KOR_NM":"영등포동5가","EMD_ENG_NM":"Yeongdeungpo-dong 5(o)-ga","ESRI_PK":436,"SHAPE_AREA":0.00001,"SHAPE_LEN":0.012644}}]}